source,target,producer_overlap,same_branch,historical_share_corr,lag1_directed_corr,combined_strength,combined_signed
15150,15150Д,0.9552968629960534,1.0,0.690330469405665,0.0075876349937668884,0.8847475723197262,0.14848692436788283
15150Д,15150,0.9552968629960534,1.0,0.690330469405665,-0.21768982879898444,0.8847475723197262,0.1394698344582978
26304,26293,0.9413574486632833,1.0,-0.2980471941891751,0.1378649339326851,0.7600928825883941,-0.15343602638532033
26293,26304,0.9413574486632833,1.0,-0.2980471941891751,0.1068986994822283,0.7600928825883941,-0.1268652541383321
7965,26249,0.8319044630465554,0.0,-0.7431894200886754,-0.09935045463414184,0.6389090575498804,-0.11759503835532743
26249,7965,0.8319044630465554,0.0,-0.7431894200886754,-0.02000344627634871,0.6389090575498804,-0.14896392813279244
26231,26214,0.39031626572844447,1.0,0.7712697898196337,0.07189680374863097,0.6265390698101123,0.1512205506861915
26214,26231,0.39031626572844447,1.0,0.7712697898196337,0.29897499034459063,0.6265390698101123,0.14937049309778372
16228,26310,0.3079421385470801,1.0,-0.8078996974284086,-0.021391732258260524,0.5963409785020626,-0.07930318468137963
26310,16228,0.3079421385470801,1.0,-0.8078996974284086,0.07674194253671318,0.5963409785020626,-0.09243132313656474
7586,7585,0.5283526972762532,1.0,-0.3894249590308078,-0.198335679801917,0.581003836347369,-0.12566667467457276
7585,7586,0.5283526972762532,1.0,-0.3894249590308078,-0.3327494755389461,0.581003836347369,-0.08693501402898628
7587,7585,0.8578930791205124,0.0,0.43956109599316734,-0.047187622199022866,0.5608148683582064,0.1317218670790205
7585,7587,0.8578930791205124,0.0,0.43956109599316734,-0.07208442070764208,0.5608148683582064,0.08391415925046593
16197,26203,0.15213428603168405,1.0,-0.8245477517077622,-0.25328936101394,0.5234314685281707,-0.10326270687676298
26203,16197,0.15213428603168405,1.0,-0.8245477517077622,-0.7494578432159461,0.5234314685281707,-0.09356803641255519
26257,26256,0.39091453084067823,0.0,-0.9620278442725142,-0.2463237647531151,0.4840656187020934,-0.07941897391667686
26256,26257,0.39091453084067823,0.0,-0.9620278442725142,-0.02781453070761233,0.4840656187020934,-0.06975304180724251
7620,26228,0.37117571267132204,1.0,-0.2779860124410932,-0.0910649635344491,0.468983660067989,-0.0685717584581682
26228,7620,0.37117571267132204,1.0,-0.2779860124410932,-3.986116291517675e-18,0.468983660067989,-0.10692425374179364
26220,16228,0.0,1.0,-0.8916149602022727,-0.01334075323040503,0.4674844880606818,-0.0704474000162172
16228,26220,0.0,1.0,-0.8916149602022727,-0.10386705057244408,0.4674844880606818,-0.06216746799034244
26256,15150Д,0.0,1.0,0.8891058409291211,-0.0845174105822217,0.46673175227873637,0.06725526079864398
15150Д,26256,0.0,1.0,0.8891058409291211,0.485881386137771,0.46673175227873637,0.07357465820004859
26218,16181,0.20948072237682722,1.0,0.5356546097066739,-0.637791171117124,0.4654367441004158,0.07721042428859531
16181,26218,0.20948072237682722,1.0,0.5356546097066739,-0.059836675368723495,0.4654367441004158,0.09438208415449001
7620,26256,0.0,1.0,0.8804870302402041,-0.10924727736248545,0.4641461090720612,0.06786444302979326
26256,7620,0.0,1.0,0.8804870302402041,0.7909193420140694,0.4641461090720612,0.06688267395974101
26203,16192,0.3822149030749352,1.0,-0.23120753028033653,-0.28022273677884263,0.4604697106215686,-0.08231306148151249
16192,26203,0.3822149030749352,1.0,-0.23120753028033653,0.07508178625529377,0.4604697106215686,-0.11473349963756602
26256,7965,0.37299907626090156,1.0,0.24481104267337633,0.11374354043573177,0.4599428509324637,0.0662769915286605
7965,26256,0.37299907626090156,1.0,0.24481104267337633,0.09692117681963518,0.4599428509324637,0.08465523623045379
16228,26256,0.1259095909618732,1.0,-0.6183360651980674,0.14911476629288267,0.4484556150403568,-0.059636952252182185
26256,16228,0.1259095909618732,1.0,-0.6183360651980674,0.015040267610630471,0.4484556150403568,-0.06462170014981769
16241,26183,0.3202271576253498,1.0,-0.28759274535943774,0.28163744287624154,0.44639140242050623,-0.08893665400835983
26183,16241,0.3202271576253498,1.0,-0.28759274535943774,-0.35036001273658995,0.44639140242050623,-0.07085501793511864
7620,26220,0.24028851943898202,1.0,0.3868733230372058,-0.38911285003978324,0.4362062566306527,0.06377925845706982
26220,7620,0.24028851943898202,1.0,0.3868733230372058,-0.25444957915255345,0.4362062566306527,0.06573393863380433
7620,15150Д,0.0,1.0,0.7533324203122437,0.01092844407235022,0.4259997260936731,0.062286925554520034
15150Д,7620,0.0,1.0,0.7533324203122437,0.3968953073295373,0.4259997260936731,0.06715374321037863
26220,26310,0.0,1.0,0.7493660028367546,0.16042212710866485,0.4248098008510264,0.0640165539941449
26310,26220,0.0,1.0,0.7493660028367546,0.19109371587677054,0.4248098008510264,0.06584443026650921
7620,16228,0.0,1.0,-0.7372711720520916,-0.14154029799842935,0.4211813516156275,-0.061582413992599845
16228,7620,0.0,1.0,-0.7372711720520916,0.3059276061999456,0.4211813516156275,-0.05600994014435598
26257,26183,0.0,1.0,-0.7361695447424926,-0.21378401929070778,0.4208508634227478,-0.06904754738541317
26183,26257,0.0,1.0,-0.7361695447424926,-0.2978917019260388,0.4208508634227478,-0.06680100762276493
16210,16186,0.0,1.0,0.718364679730109,0.22904553096238628,0.4155094039190327,0.0780499347170514
16186,16210,0.0,1.0,0.718364679730109,0.09971222904873668,0.4155094039190327,0.09064249668018594
26183,7585,0.0,1.0,0.6986343654563938,0.2609314058181527,0.4095903096369181,0.06501363731023653
7585,26183,0.0,1.0,0.6986343654563938,-0.7490852486309953,0.4095903096369181,0.061286582096048765
16186,16241,0.3162277660168379,1.0,-0.16243563372828282,0.013920117495911724,0.4068445731269038,-0.08875228218948583
16241,16186,0.3162277660168379,1.0,-0.16243563372828282,0.11507821858367735,0.4068445731269038,-0.08105755361587608
7579,26218,0.0,1.0,0.6799007290461335,-0.5243961646386627,0.4039702187138401,0.10126585521392593
26218,7579,0.0,1.0,0.6799007290461335,0.288752127365382,0.4039702187138401,0.06701385823574554
26218,26304,0.0,1.0,0.6769386818871671,0.3993894329773821,0.40308160456615016,0.0668664477095212
26304,26218,0.0,1.0,0.6769386818871671,-0.38575869699833965,0.40308160456615016,0.08136800268808808
26233,7587,0.06947882806188806,1.0,-0.5413049940205407,0.03088422483373373,0.3971309122371062,-0.07112101491884017
7587,26233,0.06947882806188806,1.0,-0.5413049940205407,-0.01660092219840733,0.3971309122371062,-0.09327645928469579
7583А,26183,0.0,1.0,0.6534660212836536,-0.2879870185339621,0.39603980638509606,0.07510088517330334
26183,7583А,0.0,1.0,0.6534660212836536,-0.18383784118460061,0.39603980638509606,0.0628627868553855
15150,26256,0.0,1.0,0.6511702324664339,0.39271569840842674,0.39535106973993017,0.06635165354262222
26256,15150,0.0,1.0,0.6511702324664339,-0.07856096781977567,0.39535106973993017,0.056969424455404184
7586,16241,0.0,1.0,0.6427313689160636,0.4137644249815053,0.39281941067481907,0.08496382639651985
16241,7586,0.0,1.0,0.6427313689160636,0.1584962943740031,0.39281941067481907,0.07826325468079694
7579,26304,0.0,1.0,0.6330955891147454,0.4061927375752839,0.38992867673442366,0.09774597010557567
26304,7579,0.0,1.0,0.6330955891147454,-0.07350615974014449,0.38992867673442366,0.07871288904597566
26310,26256,0.07294416987269951,1.0,0.5028081494049663,0.4346673630645048,0.38731452975783964,0.060032759354319086
26256,26310,0.07294416987269951,1.0,0.5028081494049663,-0.7181881376439789,0.38731452975783964,0.05581137255562378
26249,26214,0.0,1.0,-0.6201953716726343,0.10491277365423199,0.3860586115017903,-0.09001094377865906
26214,26249,0.0,1.0,-0.6201953716726343,-0.23795483144219465,0.3860586115017903,-0.09203857818818088
7585,16241,0.0,1.0,-0.6031731405759505,-0.651710920790163,0.38095194217278516,-0.057001452254370505
16241,7585,0.0,1.0,-0.6031731405759505,0.37073256151890976,0.38095194217278516,-0.07589884323739228
26257,7516Д,0.2116086622426018,0.0,0.9086369143359736,0.44629299671601513,0.37839540542209293,0.062082027048283736
7516Д,26257,0.2116086622426018,0.0,0.9086369143359736,0.2895012289066545,0.37839540542209293,0.07664540821533802
16241,16181,0.44985724569242663,0.0,0.5066351264233958,0.2884840390870572,0.37691916077323206,0.07509537327341315
16181,16241,0.44985724569242663,0.0,0.5066351264233958,-0.06599154940423678,0.37691916077323206,0.07643233243283415
26310,15150,0.0,1.0,0.5739536110252206,0.04204925389736369,0.3721860833075662,0.05768788893150845
15150,26310,0.0,1.0,0.5739536110252206,0.1372511113817068,0.3721860833075662,0.06246388069533778
16210,7586,0.01861481726627852,1.0,0.5341960329441822,0.05494575250937293,0.36956621851639393,0.0694198950896737
7586,16210,0.01861481726627852,1.0,0.5341960329441822,0.027188139448731056,0.36956621851639393,0.07993433923772758
7585,7583А,0.0,1.0,0.5603011513606135,-0.6326552705837123,0.3680903454081841,0.055076984591308026
7583А,7585,0.0,1.0,0.5603011513606135,0.09985433286487426,0.3680903454081841,0.06980083900208144
26293,26218,0.0,1.0,-0.5596402141525053,0.13241864920041546,0.3678920642457516,-0.06140396956102944
26218,26293,0.0,1.0,-0.5596402141525053,0.18316408405619952,0.3678920642457516,-0.0610289211861051
7583А,26257,0.0,1.0,-0.5468507905450204,-0.32301250767510653,0.36405523716350613,-0.06903566288579291
26257,7583А,0.0,1.0,-0.5468507905450204,-0.29737734792666126,0.36405523716350613,-0.059729285178404395
26228,15150,0.0,1.0,-0.5445022371377095,0.4912869323176485,0.36335067114131286,-0.08284083789344064
15150,26228,0.0,1.0,-0.5445022371377095,0.34881757331196483,0.36335067114131286,-0.060981036074866275
26231,26249,0.0,1.0,-0.540847495067472,-0.1665575879746896,0.3622542485202416,-0.08743315395518093
26249,26231,0.0,1.0,-0.540847495067472,0.12009055400246957,0.3622542485202416,-0.08446087155080761
7965,26220,0.0,1.0,-0.5273078672779743,-0.07753191390855665,0.3581923601833923,-0.06592744904240584
26220,7965,0.0,1.0,-0.5273078672779743,0.027110540206529463,0.3581923601833923,-0.05397766369804537
15150,7620,0.0,1.0,0.4937275275962517,0.312959976608968,0.34811825827887555,0.05842458471245696
7620,15150,0.0,1.0,0.4937275275962517,-0.37853148060160907,0.34811825827887555,0.05089960089039488
7620,26310,0.0,1.0,0.4933690524641172,-0.3294702683891439,0.34801071573923514,0.0508838767155886
26310,7620,0.0,1.0,0.4933690524641172,0.07038045740222078,0.34801071573923514,0.053940768924316276
26183,16181,0.43216952137576325,0.0,-0.43035777904769895,0.06373574159177166,0.34519209440219134,-0.05479180805746823
16181,26183,0.43216952137576325,0.0,-0.43035777904769895,-0.45451088523218797,0.34519209440219134,-0.06999866193697701
7585,26257,0.0,1.0,-0.4709934866889311,-0.10028969326472241,0.34129804600667935,-0.0510680800391769
26257,7585,0.0,1.0,-0.4709934866889311,0.04311549455676308,0.34129804600667935,-0.05599559143715741
26259,15150,0.17520454725766535,1.0,0.17722311672174146,-0.3290703424778802,0.3407692086453551,0.07192453323793098
15150,26259,0.17520454725766535,1.0,0.17722311672174146,-0.2625585497342629,0.3407692086453551,0.05719119587789114
15150Д,26259,0.0595223522173411,1.0,0.3625317192939941,-0.1522731851929973,0.3385206918968688,0.053363723548599855
26259,15150Д,0.0595223522173411,1.0,0.3625317192939941,-0.23315379333791536,0.3385206918968688,0.07144994952112323
16197,26233,0.10389472445198229,0.0,0.9446863249325431,0.20558247682552,0.3353532597057541,0.06615858510482069
26233,16197,0.10389472445198229,0.0,0.9446863249325431,0.28012371465028185,0.3353532597057541,0.060057435600416376
26233,26203,0.1156175952249916,0.0,-0.9183581860342105,-0.0006595297557073722,0.33331625342275895,-0.05969263409597904
26203,26233,0.1156175952249916,0.0,-0.9183581860342105,-0.8046173689080584,0.33331625342275895,-0.059583248643520714
7516Д,26233,0.0,1.0,0.4405556125700242,-0.4395599832508981,0.3321666837710072,0.06728160730378016
26233,7516Д,0.0,1.0,0.4405556125700242,-0.02222520444874669,0.3321666837710072,0.05948676102532856
7583А,16210,0.0,1.0,0.43511679618072424,-0.19398830663575212,0.3305350388542173,0.06267923981006697
16210,7583А,0.0,1.0,0.43511679618072424,-0.2988038267627524,0.3305350388542173,0.06208821740481433
26293,16181,0.0,1.0,-0.4287492431499372,-0.015216697418036057,0.32862477294498116,-0.0548499614860797
16181,26293,0.0,1.0,-0.4287492431499372,0.00819025662101581,0.32862477294498116,-0.0666391112615977
15150Д,16228,0.0,1.0,-0.4205914337470115,0.43500136459169175,0.3261774301241035,-0.05141795649595979
16228,15150Д,0.0,1.0,-0.4205914337470115,0.262940672546196,0.3261774301241035,-0.043376038059641936
7585,16210,0.04566227091745816,1.0,0.32819863401888383,-0.012137057661928874,0.32129072566439426,0.048074405013597436
16210,7585,0.04566227091745816,1.0,0.32819863401888383,-0.07833402021063104,0.32129072566439426,0.060351751192101934
7583А,26231,0.49427989606350825,0.0,0.24167260057844905,0.21567860981233955,0.31964172820528886,0.060613545253578864
26231,7583А,0.49427989606350825,0.0,0.24167260057844905,0.0978092865154879,0.31964172820528886,0.07714825856931674
15150,16228,0.0,1.0,-0.38585688251524153,0.06850473239266917,0.31575706475457244,-0.052993415138632885
16228,15150,0.0,1.0,-0.38585688251524153,0.5009499951934472,0.31575706475457244,-0.041990307095080164
7620,7965,0.0,1.0,0.3788188982910234,0.6538763564515915,0.313645669487307,0.04585924184739431
7965,7620,0.0,1.0,0.3788188982910234,-0.04547430177395543,0.313645669487307,0.0577283638375446
16192,26231,0.17801366525131124,0.0,-0.7407168775027897,0.006206513340260273,0.3112218958764925,-0.07754598501071441
26231,16192,0.17801366525131124,0.0,-0.7407168775027897,-0.3674953602124681,0.3112218958764925,-0.07511606019127805
26256,7516Д,0.08342604675623778,0.0,-0.8812216012216993,-0.3435859529451661,0.30607950374462867,-0.0441055418855898
7516Д,26256,0.08342604675623778,0.0,-0.8812216012216993,-0.3093882569426066,0.30607950374462867,-0.06199755117186589
16197,16259,0.0,1.0,-0.3450443652913567,-0.12901383019614726,0.303513309587407,-0.05987719081783453
16259,16197,0.0,1.0,-0.3450443652913567,-0.33372310321642945,0.303513309587407,-0.10862716880589558
26220,26256,0.0,1.0,0.3449437571347473,-0.033170995476007194,0.3034831271404242,0.04573327629441854
26256,26220,0.0,1.0,0.3449437571347473,-0.025857540036121455,0.3034831271404242,0.04373140838214865
15150Д,26310,0.0,1.0,0.3370429214616714,-0.26398058184012796,0.30111287643850143,0.04746683047688916
26310,15150Д,0.0,1.0,0.3370429214616714,-0.08364274816010211,0.30111287643850143,0.04667172404046245
26293,7620,0.0,0.0,0.9953037973562315,0.49713504397327773,0.29859113920686947,0.04983712073442325
7620,26293,0.0,0.0,0.9953037973562315,0.3308376821921504,0.29859113920686947,0.04365806576816442
26310,7965,0.0,1.0,-0.31909766465891626,-0.2522830695273017,0.2957292993976749,-0.04583728339822926
7965,26310,0.0,1.0,-0.31909766465891626,-0.29794704851860304,0.2957292993976749,-0.054430748624578175
26183,16210,0.0,1.0,0.3171889772559048,0.014088773047608402,0.29515669317677146,0.04684976609161893
16210,26183,0.0,1.0,0.3171889772559048,-0.342402352896448,0.29515669317677146,0.055442693754861036
26259,7965,0.0,1.0,-0.29984799311132315,-0.3295638435482303,0.28995439793339695,-0.06119929325348433
7965,26259,0.0,1.0,-0.29984799311132315,0.3563561444356673,0.28995439793339695,-0.053367843425214986
26293,7579,0.06010025069647601,1.0,-0.193551534052636,0.12773419104630343,0.28811558556402883,-0.04808867155724765
7579,26293,0.06010025069647601,1.0,-0.193551534052636,0.05401350174656189,0.28811558556402883,-0.07222381705635086
16210,26257,0.07580883617970267,1.0,-0.1615929393510963,0.22402805968802894,0.28638229989518027,-0.05379449803088802
26257,16210,0.07580883617970267,1.0,-0.1615929393510963,-0.05998363782885651,0.28638229989518027,-0.0469857546721793
15150Д,7965,0.0,1.0,0.2869914773312056,-0.06642813867300212,0.2860974431993617,0.0450998276687417
7965,15150Д,0.0,1.0,0.2869914773312056,0.2080380321181537,0.2860974431993617,0.0526579478077965
26259,26256,0.0,1.0,0.2842716942808634,-0.060327867712841834,0.285281508284259,0.06021300869971649
26256,26259,0.0,1.0,0.2842716942808634,-0.49824938130603563,0.285281508284259,0.0411085857069135
26233,16228,0.0,0.0,0.947928871356585,0.3773016017087819,0.2843786614069755,0.05092854370512921
16228,26233,0.0,0.0,0.947928871356585,-0.030171202889176334,0.2843786614069755,0.037817514338272
26220,15150,0.0,1.0,0.28043105061561496,-0.3165959972047105,0.2841293151846845,0.042816760843091606
15150,26220,0.0,1.0,0.28043105061561496,-0.1287623146859555,0.2841293151846845,0.047685339247566
26257,16186,0.0,1.0,0.27641421066548,-0.12904086832276393,0.28292426319964403,0.04641840653689536
16186,26257,0.0,1.0,0.27641421066548,0.5544273290921721,0.28292426319964403,0.061719328963286316
16259,26203,0.0,1.0,0.2645021189689318,-0.3498639829473446,0.2793506356906795,0.09997936729844392
26203,16259,0.0,1.0,0.2645021189689318,-0.18681721138201834,0.2793506356906795,0.049936413883700605
26218,16228,0.0,0.0,0.9305237870466601,-0.44261589949728,0.279157136113998,0.046308851193537906
16228,26218,0.0,0.0,0.9305237870466601,0.17627447821747927,0.279157136113998,0.03712314048244942
16228,26259,0.06851789985690454,1.0,-0.1484609049812743,-0.026098031931639464,0.2787972214228346,-0.03707527796376997
26259,16228,0.06851789985690454,1.0,-0.1484609049812743,0.44938789144151353,0.2787972214228346,-0.05884440116694445
26228,15150Д,0.0,1.0,-0.25896135324023356,-0.006863352202874731,0.27768840597207006,-0.0633105758460911
15150Д,26228,0.0,1.0,-0.25896135324023356,0.43554755104124365,0.27768840597207006,-0.043774243890117664
16228,7516Д,0.2693248962297799,0.0,0.4687330470656651,-0.3216979125535583,0.27528236223458946,0.03660786160738506
7516Д,16228,0.2693248962297799,0.0,0.4687330470656651,-0.03670101121478369,0.27528236223458946,0.055759474680769396
26259,26220,0.0,1.0,0.24969390708918537,-0.10233229690258612,0.2749081721267556,0.05802355806180671
26220,26259,0.0,1.0,0.24969390708918537,0.07830437158056885,0.2749081721267556,0.041427184140122246
26220,26218,0.0,0.0,-0.9158499538031757,-0.393986972950209,0.2747549861409527,-0.041404099835307115
26218,26220,0.0,0.0,-0.9158499538031757,0.4064044274456529,0.2747549861409527,-0.04557858683106736
7586,16186,0.0,1.0,0.2428683703102833,0.004122884410949357,0.272860511093085,0.059017636259756937
16186,7586,0.0,1.0,0.2428683703102833,-0.1840365265016729,0.272860511093085,0.05952394274986924
7965,26228,0.0,1.0,-0.24244415057954682,0.017587763332892574,0.27273324517386405,-0.05019818712538687
26228,7965,0.0,1.0,-0.24244415057954682,-0.41627765161540264,0.27273324517386405,-0.062180841666350246
26257,15150Д,0.0,0.0,-0.9055981933152248,0.016551237972615658,0.27167945799456744,-0.04457351019066322
15150Д,26257,0.0,0.0,-0.9055981933152248,-0.3909897929456348,0.27167945799456744,-0.04282700537157222
26183,26293,0.0,0.0,0.9052370177106402,0.13429817108326178,0.27157110531319206,0.04310606215372367
26293,26183,0.0,0.0,0.9052370177106402,-0.026748188437835645,0.27157110531319206,0.04532727260234436
7620,26183,0.0,0.0,0.8943365104458982,0.013813347457821588,0.26830095313376945,0.03922923060841392
26183,7620,0.0,0.0,0.8943365104458982,0.2182169386535953,0.26830095313376945,0.042586995948444735
7586,7587,0.40777662526524194,0.0,-0.21426699138342392,-0.04408250862356215,0.26816841004764813,-0.05800277078257856
7587,7586,0.40777662526524194,0.0,-0.21426699138342392,0.0814194915548371,0.26816841004764813,-0.06298628238316692
26256,26293,0.0,0.0,0.8891181655583023,0.891569384518295,0.2667354496674907,0.03843612984127361
26293,26256,0.0,0.0,0.8891181655583023,-0.09546978629394108,0.2667354496674907,0.04452016508105268
26228,26256,0.0,1.0,-0.2173777974963053,-0.04255651377812357,0.26521333924889157,-0.060466367586124066
26256,26228,0.0,1.0,-0.2173777974963053,-0.26928222168001287,0.26521333924889157,-0.038216796289040636
7585,16186,0.0,1.0,0.2151970897454438,0.11039143750672233,0.26455912692363315,0.03958571350439683
16186,7585,0.0,1.0,0.2151970897454438,-0.1515777473750546,0.26455912692363315,0.05771301337035725
26304,16181,0.0,1.0,-0.2125187529364059,-0.19340631834109143,0.2637556258809218,-0.053242986612541295
16181,26304,0.0,1.0,-0.2125187529364059,0.2150421011095192,0.2637556258809218,-0.053484831169115045
16228,26203,0.0,0.0,-0.8739521404337028,-0.14096556229719434,0.26218564213011086,-0.03486622108525513
26203,16228,0.0,0.0,-0.8739521404337028,-0.2895496999770546,0.26218564213011086,-0.04686801842208895
26257,16228,0.22203638670840178,0.0,0.4939197365594743,-0.24673047196151343,0.2591941143220432,0.042525082983361
16228,26257,0.22203638670840178,0.0,0.4939197365594743,-0.31115100783730454,0.2591941143220432,0.03446839888152433
16228,16197,0.0,0.0,0.8619575947317492,0.011828524551439514,0.2585872784195247,0.03438770005084931
16197,16228,0.0,0.0,0.8619575947317492,-0.0858584214059015,0.2585872784195247,0.05101417079217539
26218,26233,0.0,0.0,0.85188048054833,-0.09710837238164702,0.25556414416449896,0.04239505422381429
26233,26218,0.0,0.0,0.85188048054833,0.3622675882507654,0.25556414416449896,0.04576823598912395
26233,26310,0.0,0.0,-0.8508728537618794,-0.5976728342745817,0.2552618561285638,-0.0457141001078539
26310,26233,0.0,0.0,-0.8508728537618794,-0.025047539652576847,0.2552618561285638,-0.03956493341699303
26183,26256,0.0,0.0,0.8470846324634408,0.24341580583198813,0.2541253897390322,0.040336930662401536
26256,26183,0.0,0.0,0.8470846324634408,-0.0845677657803752,0.2541253897390322,0.03661904140656923
16228,7965,0.0,1.0,0.17376534066019034,0.06051065159057973,0.25212960219805713,0.03352893919344527
7965,16228,0.0,1.0,0.17376534066019034,-0.04004827717985434,0.25212960219805713,0.04640596324411825
7516Д,15150Д,0.0,0.0,-0.8314952962254515,-0.13827620330163215,0.24944858886763543,-0.050526747017905674
15150Д,7516Д,0.0,0.0,-0.8314952962254515,-0.3111844667525261,0.24944858886763543,-0.03932257570824127
7620,26203,0.0,0.0,0.8276333832567789,0.440724854685484,0.24829001497703368,0.03630336061625662
26203,7620,0.0,0.0,0.8276333832567789,-0.12907883378432752,0.24829001497703368,0.04438405132112272
15150Д,26220,0.0,1.0,0.15497335983037241,-0.43759266483539394,0.24649200794911175,0.03885650621659191
26220,15150Д,0.0,1.0,0.15497335983037241,-0.1894691382493543,0.24649200794911175,0.03714502091144817
26233,7585,0.08747580412876786,0.0,-0.6715408992981472,-0.08220920382231282,0.24520017185382809,-0.043912182464674085
7585,26233,0.08747580412876786,0.0,-0.6715408992981472,-0.044843875264216744,0.24520017185382809,-0.03668905271613001
7586,7583А,0.0,1.0,0.14228726789558246,0.13907169623712917,0.24268618036867476,0.05249115990031284
7583А,7586,0.0,1.0,0.14228726789558246,-0.328451920707754,0.24268618036867476,0.04602049256456083
26203,26293,0.0,0.0,0.8047954089651463,-0.18691173639840616,0.24143862268954389,0.0431593039347358
26293,26203,0.0,0.0,0.8047954089651463,0.19698783537052436,0.24143862268954389,0.04029793322364883
26233,26220,0.0,0.0,-0.8032189672835561,-0.3297487428232398,0.24096569018506683,-0.04315384151296867
26220,26233,0.0,0.0,-0.8032189672835561,0.2101662905317881,0.24096569018506683,-0.03631223452369991
26257,7586,0.0,1.0,-0.13565767147701652,-0.31915763384486634,0.24069730144310497,-0.039490374789226464
7586,26257,0.0,1.0,-0.13565767147701652,0.1955112325581117,0.24069730144310497,-0.05206098063940128
26228,26259,0.0,1.0,0.13560572335421622,-0.06019557971809766,0.24068171700626487,0.05487336803260405
26259,26228,0.0,1.0,0.13560572335421622,0.46132403039172265,0.24068171700626487,0.050799543255080876
26214,26220,0.0,0.0,-0.8018643942744126,-0.36394049252342325,0.24055931828232377,-0.05735071557786108
26220,26214,0.0,0.0,-0.8018643942744126,0.18323072787510175,0.24055931828232377,-0.03625099646186249
16197,26310,0.0,0.0,-0.8008167744060313,-0.35415109079343443,0.24024503232180938,-0.047395607339015544
26310,16197,0.0,0.0,-0.8008167744060313,0.24291018745879217,0.24024503232180938,-0.03723736421781854
26256,16210,0.2974819267129616,0.0,0.304900506382471,0.10845935252563768,0.24021111527122208,0.03461401784948839
16210,26256,0.2974819267129616,0.0,0.304900506382471,-0.38482914961743875,0.24021111527122208,0.04512163067404937
7516Д,7587,0.0,1.0,-0.13162413427891997,0.27055486206653495,0.23948724028367602,-0.04850903851073923
7587,7516Д,0.0,1.0,-0.13162413427891997,-0.06656279115384774,0.23948724028367602,-0.05624976834889975
26249,26220,0.0,0.0,0.7981083771527876,0.0904953538986885,0.23943251314583627,0.05582454538629809
26220,26249,0.0,0.0,0.7981083771527876,0.1366515878506672,0.23943251314583627,0.036081192983420315
26257,16241,0.0,1.0,0.13093442715084497,0.01305144797457336,0.2392803281452535,0.03925789687500395
16241,26257,0.0,1.0,0.13093442715084497,-0.16883772059940585,0.2392803281452535,0.04767294271320765
26228,16228,0.0,1.0,0.12571642725177293,0.11205346078121249,0.2377149281755319,0.054196965614469426
16228,26228,0.0,1.0,0.12571642725177293,-0.5840066893887119,0.2377149281755319,0.031612033266568314
15150,7965,0.0,1.0,-0.12132530876762945,0.23341319748063555,0.23639759263028884,-0.03967453831561154
7965,15150,0.0,1.0,-0.12132530876762945,-0.01810643255755235,0.23639759263028884,-0.04351039266694943
16197,26218,0.0,0.0,0.7819905643096879,0.04917342144157704,0.23459716929290636,0.046281395337063026
26218,16197,0.0,0.0,0.7819905643096879,-0.19936550292813043,0.23459716929290636,0.03891688227799405
26214,16181,0.10148819889304855,0.0,0.6114690288701147,0.05799390793800044,0.23418480810755868,0.05583099594034498
16181,26214,0.10148819889304855,0.0,0.6114690288701147,0.04005034599232289,0.23418480810755868,0.047488408568237384
26257,26293,0.0,0.0,-0.7759268224621845,-0.8842904731634449,0.23277804673865532,-0.0381910900259364
26293,26257,0.0,0.0,-0.7759268224621845,0.19020067357657675,0.23277804673865532,-0.03885241755817879
7586,26259,0.13976369366018795,0.0,0.5424164531671881,-0.3352291322738053,0.23260678278025043,0.05031106349058295
26259,7586,0.13976369366018795,0.0,0.5424164531671881,0.5161720386243024,0.23260678278025043,0.049095205361871994
7579,16181,0.0,1.0,0.10299697306257417,-0.5764582407787392,0.23089909191877225,0.05788098460752273
16181,7579,0.0,1.0,0.10299697306257417,0.16523257032775007,0.23089909191877225,0.046822125242374946
26293,15150Д,0.0,0.0,0.768569687454653,0.04102536659320638,0.2305709062363959,0.03848402910572465
15150Д,26293,0.0,0.0,0.768569687454653,0.4709981796399321,0.2305709062363959,0.036346735645033046
7516Д,7583А,0.0,0.0,-0.768512374169288,0.03423296836547492,0.23055371225078639,-0.04669951891015052
7583А,7516Д,0.0,0.0,-0.768512374169288,0.019561405884018244,0.23055371225078639,-0.043719817025637056
7516Д,15150,0.0,0.0,-0.7669144930339167,-0.04832165222051713,0.230074347910175,-0.04660242186551529
15150,7516Д,0.0,0.0,-0.7669144930339167,-0.3458607008147848,0.230074347910175,-0.03861331001740508
26310,26259,0.0,1.0,0.09988780978729336,-0.3047451328594254,0.229966342936188,0.03564419370921252
26259,26310,0.0,1.0,0.09988780978729336,-0.30643968317609677,0.229966342936188,0.048537900304639926
15150,26257,0.0,0.0,-0.7664268093307561,-0.21354470971239695,0.22992804279922682,-0.038588755673744056
26257,15150,0.0,0.0,-0.7664268093307561,0.1971153172005533,0.22992804279922682,-0.037723499724574394
26183,26203,0.0,0.0,0.7660821638449742,0.030447784377582707,0.22982464915349224,0.036479711637374006
26203,26183,0.0,0.0,0.7660821638449742,0.08228839111929934,0.22982464915349224,0.041083202737053896
26257,7620,0.0,0.0,-0.7630131721918941,-0.738117022226753,0.22890395165756822,-0.037555480628556466
7620,26257,0.0,0.0,-0.7630131721918941,0.2853074483116458,0.22890395165756822,-0.03346885578253934
26183,7586,0.0,1.0,-0.09611365171725936,-0.21235484914724026,0.2288340955151778,0.036322482588095964
7586,26183,0.0,1.0,-0.09611365171725936,0.1228073409742581,0.2288340955151778,0.04949506016404841
16197,26220,0.0,0.0,-0.7625978478542887,-0.017949142276851474,0.2287793543562866,-0.04513365517510315
26220,16197,0.0,0.0,-0.7625978478542887,0.0732590470283093,0.2287793543562866,-0.03447581920557152
16210,26259,0.14085077611855185,0.0,0.5275024835001796,-0.00409803673615073,0.2286761331093298,0.04295488162768246
26259,16210,0.14085077611855185,0.0,0.5275024835001796,-0.15746563602059013,0.2286761331093298,0.0482655818638258
26218,26310,0.0,0.0,-0.7610543174075287,0.02206472652202096,0.2283162952222586,-0.037874959915729235
26310,26218,0.0,0.0,-0.7610543174075287,0.23278728481686148,0.2283162952222586,-0.03538844054292825
7583А,16241,0.0,1.0,-0.09224345699334376,-0.1584274982620817,0.22767303709800313,0.04317355563881979
16241,7583А,0.0,1.0,-0.09224345699334376,0.4701124327685818,0.22767303709800313,0.04536036764512606
7620,7585,0.0,0.0,0.7552917024383978,0.4289532042151509,0.22658751073151934,0.03313016076779061
7585,7620,0.0,0.0,0.7552917024383978,-0.15290283071176178,0.22658751073151934,0.03390405913337291
16192,7443Д/1,0.0,0.0,0.7551266520755627,0.1820959640408799,0.2265379956226688,0.056445617245016136
7443Д/1,16192,0.0,0.0,0.7551266520755627,0.15482936063403946,0.2265379956226688,0.05583758626617287
26214,16192,0.13418542327585758,0.0,-0.5215066361992585,-0.3862973222968374,0.22354470249770633,-0.053294333985588
16192,26214,0.13418542327585758,0.0,-0.5215066361992585,0.2319587775460202,0.22354470249770633,-0.05569978969600227
26183,15150Д,0.0,0.0,0.7439081311771414,0.03678462531527729,0.2231724393531424,0.035423816648903886
15150Д,26183,0.0,0.0,0.7439081311771414,0.3429349700121436,0.2231724393531424,0.035180456150479454
7585,16228,0.0,0.0,-0.7419281456260656,-0.39074065721054274,0.22257844368781968,-0.0333041865027922
16228,7585,0.0,0.0,-0.7419281456260656,-0.10192551531554024,0.22257844368781968,-0.029599138852082377
7585,26293,0.0,0.0,0.7412698858406768,-0.21010727009337404,0.22238096575220304,0.03327463807982278
26293,7585,0.0,0.0,0.7412698858406768,0.37729767831735783,0.22238096575220304,0.03711706606119948
26293,7516Д,0.0,0.0,-0.7405260679618083,0.5407202621556418,0.22215782038854248,-0.037079821411342764
7516Д,26293,0.0,0.0,-0.7405260679618083,-0.45325159772208606,0.22215782038854248,-0.04499889953186896
26249,26304,0.14467284665112365,0.0,-0.4982872300333797,-0.013613187555775088,0.22182259233557572,-0.05171872946929801
26304,26249,0.14467284665112365,0.0,-0.4982872300333797,0.022145733464361383,0.22182259233557572,-0.04477818160138267
26218,26203,0.0,0.0,-0.738254844362672,0.06168130765410797,0.22147645330880159,-0.03674031143148537
26203,26218,0.0,0.0,-0.738254844362672,-0.08277642788130475,0.22147645330880159,-0.03959088838504982
16186,7583А,0.0,1.0,-0.06544290566270472,-0.4836567362376495,0.21963287169881143,0.04791244591830841
7583А,16186,0.0,1.0,-0.06544290566270472,-0.0014843093729024377,0.21963287169881143,0.04164890198359625
26220,26228,0.0,1.0,-0.06527127161918246,0.3771964416605007,0.21958138148575473,0.0330897341253227
26228,26220,0.0,1.0,-0.06527127161918246,0.15735273670329963,0.21958138148575473,0.05006267243415839
26183,7516Д,0.0,0.0,-0.7295334257148827,-0.20283858717224468,0.2188600277144648,-0.034739314209239334
7516Д,26183,0.0,0.0,-0.7295334257148827,0.16830832350495062,0.2188600277144648,-0.04433091926019445
26203,7585,0.0,0.0,0.7246977884073258,-0.03784194173524163,0.21740933652219774,0.0388638550397809
7585,26203,0.0,0.0,0.7246977884073258,0.21077569626298412,0.21740933652219774,0.03253073824677758
26233,7620,0.0,0.0,-0.7224996537989746,0.2464234626023084,0.2167498961396924,-0.038817105699906686
7620,26233,0.0,0.0,-0.7224996537989746,0.22164861229209118,0.2167498961396924,-0.03169176836943389
16241,16210,0.0,1.0,0.05520186232419128,0.22877806152242736,0.2165605586972574,0.043146376422751445
16210,16241,0.0,1.0,0.05520186232419128,-0.015690792700433578,0.2165605586972574,0.040679073227191734
16197,16192,0.02317549274472222,1.0,0.01651473579923187,0.02957507319904067,0.21654216711213067,0.04271949944437767
16192,16197,0.02317549274472222,1.0,0.01651473579923187,0.18302952955196938,0.21654216711213067,0.05395499438679838
16228,26293,0.0,0.0,-0.7151450034328289,0.2711084673554273,0.21454350102984868,-0.028530628445318226
26293,16228,0.0,0.0,-0.7151450034328289,-0.13201920830374766,0.21454350102984868,-0.035808933888700066
16259,16192,0.0,1.0,-0.040397740739486473,0.05192596826301258,0.21211932222184596,0.07591733441049943
16192,16259,0.0,1.0,-0.040397740739486473,0.04570510027426013,0.21211932222184596,0.05285297082061959
26293,26233,0.0,0.0,-0.7027842632640585,0.20161068999750661,0.21083527897921756,-0.03519000356632598
26233,26293,0.0,0.0,-0.7027842632640585,0.20849334961283664,0.21083527897921756,-0.03775787419123428
26228,26310,0.0,1.0,-0.03364476863071855,-0.08884727424795597,0.2100934305892156,0.04789950097312251
26310,26228,0.0,1.0,-0.03364476863071855,0.1145119130172212,0.2100934305892156,0.032563943233349435
7516Д,7620,0.0,0.0,-0.6982730385876225,-0.5260242064384238,0.20948191157628673,-0.04243134667183358
7620,7516Д,0.0,0.0,-0.6982730385876225,0.5296862679177219,0.20948191157628673,-0.030629090659324974
16210,26304,0.0,0.0,-0.6967619122807223,-0.3531456133684904,0.20902857368421668,-0.039264253410809934
26304,16210,0.0,0.0,-0.6967619122807223,0.004436875890088545,0.20902857368421668,-0.042195519102716385
16210,26218,0.0,0.0,-0.6936745646071857,0.08076413343580062,0.2081023693821557,-0.039090273749630956
26218,16210,0.0,0.0,-0.6936745646071857,-0.31445971255680555,0.2081023693821557,-0.03452170985450109
26233,26183,0.0,0.0,-0.6924664919103769,-0.12219646631010825,0.20773994757311307,-0.037203540332224894
26183,26233,0.0,0.0,-0.6924664919103769,-0.133234463043722,0.20773994757311307,-0.03297424106136269
26310,26203,0.0,0.0,0.6920442493218701,-0.07348568897806472,0.20761327479656103,0.03217952544258196
26203,26310,0.0,0.0,0.6920442493218701,0.3251766941829327,0.20761327479656103,0.037112721767604155
26259,7443Д/1,0.24074776025405417,0.0,0.2877601339469527,-0.00038826818634154575,0.2067019203111129,0.04362758946696121
7443Д/1,26259,0.24074776025405417,0.0,0.2877601339469527,-0.5097096029964874,0.2067019203111129,0.05094834654571482
26310,26257,0.12863404436666356,0.0,-0.4676179027376724,-0.21139486806257418,0.2046023930046335,-0.03171284648227521
26257,26310,0.12863404436666356,0.0,-0.4676179027376724,0.5068475093785996,0.2046023930046335,-0.03356840784704626
7620,26259,0.0,1.0,0.009518136522458623,-0.0836134076691317,0.2028554409567376,0.029660210970237303
26259,7620,0.0,1.0,0.009518136522458623,-0.12205627419946566,0.2028554409567376,0.04281573139658989
26228,16259,0.0,0.0,0.6743808540316265,-0.3495912331452361,0.20231425620948795,0.04612591590800729
16259,26228,0.0,0.0,0.6743808540316265,-0.3495912331452361,0.20231425620948795,0.07240810918961786
16186,26183,0.0,1.0,0.0070003156333472835,-0.28041042950350414,0.2021000946900042,0.04408770773711208
26183,16186,0.0,1.0,0.0070003156333472835,-0.1609626419460784,0.2021000946900042,0.032079035922963385
16228,26214,0.0,0.0,0.6697322706960604,-0.04432859003094083,0.20091968120881812,0.026718892646032902
26214,16228,0.0,0.0,0.6697322706960604,0.41923539140502464,0.20091968120881812,0.04790039967388844
26304,7586,0.0,0.0,-0.6580730070801281,-0.2303416013819437,0.1974219021240384,-0.03985254023191219
7586,26304,0.0,0.0,-0.6580730070801281,0.020605321869951267,0.1974219021240384,-0.0427008436017003
26249,26218,0.0,0.0,-0.6556648363559683,-0.1441781937670406,0.19669945090679047,-0.045861179337485444
26218,26249,0.0,0.0,-0.6556648363559683,0.08422409528588536,0.19669945090679047,-0.0326301011992522
26183,26218,0.07905854340551892,0.0,-0.5201783987016573,0.3310174734326395,0.19558279131325665,-0.031044554422772996
26218,26183,0.07905854340551892,0.0,-0.5201783987016573,-0.48263669527316344,0.19558279131325665,-0.03244486064380504
26220,16210,0.0,0.0,0.6431855382999735,-0.009411683295360268,0.19295566148999205,0.029077381212731915
16210,26220,0.0,0.0,0.6431855382999735,-0.02506003085968565,0.19295566148999205,0.03624509250701343
16197,16181,0.0,0.0,0.6388283868649246,0.3311659024985248,0.1916485160594774,0.03780847298475201
16181,16197,0.0,0.0,0.6388283868649246,0.04397951561677974,0.1916485160594774,0.038862824218507085
7585,26259,0.32561923062713005,0.0,-0.08905109502282953,0.46269219648636506,0.18952494382041388,0.028358424883135676
26259,7585,0.32561923062713005,0.0,-0.08905109502282953,-0.39004943080767507,0.18952494382041388,0.04000212688058594
26183,16228,0.0,0.0,-0.6253025051264481,-0.1809517156229916,0.18759075153793445,-0.029775990291501495
16228,26183,0.0,0.0,-0.6253025051264481,-0.07419442884232869,0.18759075153793445,-0.024946372209905348
7585,26256,0.0,0.0,0.624328281581386,-0.047975830409245496,0.1872984844744158,0.02802528203214151
26256,7585,0.0,0.0,0.624328281581386,0.07633191120984129,0.1872984844744158,0.026989396712385403
16181,26233,0.0,0.0,0.6235899637004279,0.037634653662765395,0.18707698911012835,0.0379358019180183
26233,16181,0.0,0.0,0.6235899637004279,0.5752275507502748,0.18707698911012835,0.03350307146457879
26203,16241,0.0,0.0,-0.6206128242802206,0.0999205034058422,0.18618384728406617,-0.03328202076021637
16241,26203,0.0,0.0,-0.6206128242802206,-0.09253527547441479,0.18618384728406617,-0.037094281650724814
26218,26214,0.0,0.0,0.6189372084899059,-0.22752835023108958,0.18568116254697176,0.030802298108974148
26214,26218,0.0,0.0,0.6189372084899059,0.3283865820685724,0.18568116254697176,0.044267449780931854
16186,15150,0.0,0.0,-0.618102818692513,-0.05351477223056863,0.1854308456077539,-0.04045134634469101
15150,16186,0.0,0.0,-0.618102818692513,0.1625673034078345,0.1854308456077539,-0.03112080418038262
26256,26203,0.0,0.0,0.6158976184877305,0.03472670373824118,0.18476928554631913,0.0266249433991272
26203,26256,0.0,0.0,0.6158976184877305,-0.40829131920755735,0.18476928554631913,0.0330291552522302
26183,7443Д/1,0.0,0.0,-0.6139575191864709,-0.35689985406085106,0.18418725575594128,-0.0292357586621117
7443Д/1,26183,0.0,0.0,-0.6139575191864709,0.17388764270738555,0.18418725575594128,-0.04539888222341488
16181,7585,0.0,0.0,-0.6139272667907414,-0.6968501972385883,0.18417818003722242,-0.037347976299747426
7585,16181,0.0,0.0,-0.6139272667907414,0.10039450921331132,0.18417818003722242,-0.027558394047842674
16228,7587,0.0,0.0,-0.6104568679126944,0.17053366526121919,0.1831370603738083,-0.02435410720442191
7587,16228,0.0,0.0,-0.6104568679126944,-0.06827581315662222,0.1831370603738083,-0.04301447212771341
26220,26203,0.0,0.0,0.6078299114429186,-0.30142350098342924,0.1823489734328756,0.027479010324519847
26203,26220,0.0,0.0,0.6078299114429186,0.2449052300952255,0.1823489734328756,0.03259650290788945
26220,26304,0.0,0.0,-0.6078053573148032,0.05767605459262115,0.18234160719444095,-0.02747790027197506
26304,26220,0.0,0.0,-0.6078053573148032,0.09774370495968916,0.18234160719444095,-0.03680835894338784
26218,7585,0.0,0.0,-0.607680350681265,-0.37168115742348357,0.1823041052043795,-0.03024208443101792
7585,26218,0.0,0.0,-0.607680350681265,0.2488440578694169,0.1823041052043795,-0.027277978133708913
7583А,26256,0.0,0.0,0.6076538244939562,0.33110737983942234,0.18229614734818686,0.034568752455705114
26256,7583А,0.0,0.0,0.6076538244939562,-0.0043448900571873925,0.18229614734818686,0.02626856834280333
26310,16181,0.0,0.0,-0.6036501927018185,-0.0058249129695499184,0.18109505781054555,-0.028069269780801275
16181,26310,0.0,0.0,-0.6036501927018185,-0.0693223222760527,0.18109505781054555,-0.03672277533496495
16228,16181,0.0,0.0,0.5987331756325253,0.0076219897136369,0.17961995268975758,0.023886391836423583
16181,16228,0.0,0.0,0.5987331756325253,-0.06511788376196193,0.17961995268975758,0.03642365091599366
7585,16197,0.0,0.0,-0.5985475707262234,-0.008317288162364678,0.17956427121786703,-0.026868019556581465
16197,7585,0.0,0.0,-0.5985475707262234,0.17802532881759264,0.17956427121786703,-0.03542448977408441
7443Д/1,26293,0.0,0.0,-0.5980582504252206,0.18887676308451487,0.1794174751275662,-0.044223216143314
26293,7443Д/1,0.0,0.0,-0.5980582504252206,-0.08108974919592961,0.1794174751275662,-0.029946134347955167
26214,16197,0.0,0.0,0.5972192481076863,0.18379898298568265,0.17916577443230589,0.042714144037834245
16197,26214,0.0,0.0,0.5972192481076863,-0.1553084439099716,0.17916577443230589,0.03534587421649396
26203,16181,0.0,0.0,-0.5953503575765667,-0.1484182382841169,0.17860510727297002,-0.03192725349084772
16181,26203,0.0,0.0,-0.5953503575765667,-0.023002695147893652,0.17860510727297002,-0.03621785877185134
16228,16210,0.0,0.0,-0.595035738449342,-0.08638245024634501,0.1785107215348026,-0.02373888300119865
16210,16228,0.0,0.0,-0.595035738449342,0.003868389050771203,0.1785107215348026,-0.033531732448587516
26259,7516Д,0.1252171713255807,0.0,-0.3832021056964228,-0.12008346814601885,0.1775692173717172,-0.03747868866337947
7516Д,26259,0.1252171713255807,0.0,-0.3832021056964228,0.04897495151508682,0.1775692173717172,-0.03596731079953735
26249,16210,0.0,0.0,0.5774336252448001,-0.0408744499815752,0.17323008757344002,0.04038921347380121
16210,26249,0.0,0.0,0.5774336252448001,-0.007506615719515366,0.17323008757344002,0.03253980992634947
26304,16228,0.0,0.0,0.5771681235755303,-0.28661714186714826,0.17315043707265906,0.03495298487842455
16228,26304,0.0,0.0,0.5771681235755303,-0.27887181482029316,0.17315043707265906,0.02302605654121955
26218,7620,0.0,0.0,-0.5761624141989132,0.20441784357766993,0.17284872425967396,-0.028673549106283207
7620,26218,0.0,0.0,-0.5761624141989132,0.1437247602417659,0.17284872425967396,-0.025272822869817267
26293,7583А,0.0,0.0,0.5760023729886298,-0.1793190185861638,0.17280071189658894,0.02884174649207562
7583А,26293,0.0,0.0,0.5760023729886298,-0.13160161024976988,0.17280071189658894,0.03276813646704977
7620,7443Д/1,0.0,0.0,-0.5749867479233604,-0.12837034621947538,0.1724960243770081,-0.025221253373432506
7443Д/1,7620,0.0,0.0,-0.5749867479233604,-0.061645382360103876,0.1724960243770081,-0.04251720165197415
26214,26233,0.0,0.0,0.5744373540097814,-0.04136850095044559,0.1723312062029344,0.041084743932201455
26233,26214,0.0,0.0,0.5744373540097814,0.22068982794879735,0.1723312062029344,0.030862292281148278
15150Д,7583А,0.0,0.0,0.5726307805300548,-0.20463120974053434,0.17178923415901642,0.027080510644472762
7583А,15150Д,0.0,0.0,0.5726307805300548,-0.017958606293340035,0.17178923415901642,0.0325763303096886
26203,7587,0.0,0.0,0.5712156370156171,0.3726795577996434,0.1713646911046851,0.030632964621320806
7587,26203,0.0,0.0,0.5712156370156171,-0.28401837500953214,0.1713646911046851,0.04024942692730311
7443Д/1,15150Д,0.0,0.0,-0.5703936134882267,-0.2812545863689077,0.171118084046468,-0.04217756387128006
15150Д,7443Д/1,0.0,0.0,-0.5703936134882267,0.24883729642949215,0.171118084046468,-0.026974711885569845
7516Д,7443Д/1,0.030352408924267292,0.0,0.5156022062266512,-0.10286878685192173,0.169856866330129,0.034405145177512586
7443Д/1,7516Д,0.030352408924267292,0.0,0.5156022062266512,0.036170990185071264,0.169856866330129,0.041866696138726255
26233,26256,0.0,0.0,-0.5661852278637262,0.19645810266487007,0.16985556835911783,-0.030418937531874565
26256,26233,0.0,0.0,-0.5661852278637262,0.24768785439598004,0.16985556835911783,-0.024475901826520787
26231,7443Д/1,0.0,0.0,-0.5634386305434199,-0.6872010022166556,0.16903158916302596,-0.04079721637206401
7443Д/1,26231,0.0,0.0,-0.5634386305434199,0.1265528485986264,0.16903158916302596,-0.041663279997054485
7443Д/1,7965,0.0,0.0,-0.5623680200211778,-0.14207672897665674,0.16871040600635334,-0.04158411406213635
7965,7443Д/1,0.0,0.0,-0.5623680200211778,-0.061727491709567484,0.16871040600635334,-0.031052160602232644
26183,16192,0.0,0.0,-0.5620274915863033,0.25518306322230877,0.16860824747589098,-0.02676292673679051
16192,26183,0.0,0.0,-0.5620274915863033,-0.036064446623365866,0.16860824747589098,-0.04201148056959656
26220,26231,0.0,0.0,-0.560134891605877,0.04204496070405237,0.1680404674817631,-0.025322795373829112
26231,26220,0.0,0.0,-0.560134891605877,-0.2550431511966052,0.1680404674817631,-0.040558000697161214
26259,7587,0.1496343416668195,0.0,-0.31032031458147513,-0.23370388060447325,0.16791326520785227,-0.035440652846955245
7587,26259,0.1496343416668195,0.0,-0.31032031458147513,0.6019837946654459,0.16791326520785227,-0.039438770347268705
7620,16197,0.0,0.0,-0.5587640007592533,0.08091761417880404,0.16762920022777597,-0.024509657813853426
16197,7620,0.0,0.0,-0.5587640007592533,0.36285800137423857,0.16762920022777597,-0.03306993562267156
26249,16192,0.0,0.0,0.5577076200744099,0.27948349970304437,0.16731228602232295,0.0390094569113488
16192,26249,0.0,0.0,0.5577076200744099,0.009410612908845163,0.16731228602232295,0.04168857074614143
16197,26183,0.0,0.0,-0.5558439962566168,-0.17299163414859736,0.16675319887698506,-0.032897117830564544
26183,16197,0.0,0.0,-0.5558439962566168,0.05973613248807813,0.16675319887698506,-0.026468477737474485
26310,26183,0.0,0.0,0.554080450352102,0.19653309154064671,0.16622413510563058,0.02576431487844063
26183,26310,0.0,0.0,0.554080450352102,-0.05394056613840129,0.16622413510563058,0.026384500262091052
7585,26214,0.0,0.0,-0.5534028851476521,-0.4515622311160806,0.16602086554429563,-0.02484153351883998
26214,7585,0.0,0.0,-0.5534028851476521,-0.08777231505674497,0.16602086554429563,-0.03958032267387269
7579,26310,0.0,0.0,-0.5498053482844569,0.10037264383435951,0.16494160448533707,-0.0413469901116563
26310,7579,0.0,0.0,-0.5498053482844569,0.19135754319974607,0.16494160448533707,-0.025565525919656242
26310,26214,0.0,0.0,-0.5460076709421672,-0.3724472915288283,0.16380230128265014,-0.025388936843482743
26214,26310,0.0,0.0,-0.5460076709421672,0.016552576523028897,0.16380230128265014,-0.03905140428123112
26310,7587,0.0,0.0,0.5456118521370306,-0.21557321578262761,0.16368355564110917,0.025370531573410744
7587,26310,0.0,0.0,0.5456118521370306,0.4560619350900258,0.16368355564110917,0.03844531373124773
16186,16192,0.0,0.0,0.5428382236955408,0.06539434138074003,0.16285146710866225,0.03552570273388264
16192,16186,0.0,0.0,0.5428382236955408,0.4397998330738004,0.16285146710866225,0.040577085335900494
16259,26249,0.0,0.0,0.5410864420143084,-0.1493761293575138,0.16232593260429254,0.05809632041030112
26249,16259,0.0,0.0,0.5410864420143084,-0.8226913543858082,0.16232593260429254,0.037846870807065565
26293,16197,0.0,0.0,-0.5383725291509324,0.11282990108548352,0.1615117587452797,-0.026957534781502184
16197,26293,0.0,0.0,-0.5383725291509324,0.3177628736809248,0.1615117587452797,-0.03186308505172855
16192,15150Д,0.0,0.0,-0.5363833957755608,-0.28033076543134405,0.16091501873266825,-0.04009458780366245
15150Д,16192,0.0,0.0,-0.5363833957755608,-0.170886471230831,0.16091501873266825,-0.025366321114231725
7587,26218,0.0,0.0,-0.5353176374900525,0.007135863820477349,0.16059529124701574,-0.03771995501667845
26218,7587,0.0,0.0,-0.5353176374900525,0.21883286574606153,0.16059529124701574,-0.02664085019737389
7583А,7620,0.0,0.0,0.532720311986489,-0.028394824014182495,0.15981609359594667,0.030305867997330597
7620,7583А,0.0,0.0,0.532720311986489,-0.0895364423386009,0.15981609359594667,0.023367275879506204
26233,16210,0.0,0.0,-0.5266084503373756,0.1465289775552687,0.15798253510121266,-0.028292630690861898
16210,26233,0.0,0.0,-0.5266084503373756,-0.05674045452474548,0.15798253510121266,-0.029675685880473337
16228,26249,0.0,0.0,-0.525660832169515,-0.2677306222625555,0.1576982496508545,-0.020971179018093877
26249,16228,0.0,0.0,-0.525660832169515,0.02451310137842885,0.1576982496508545,-0.03676791000231367
15150Д,26231,0.0,0.0,0.5243840705008951,0.3955355123376944,0.15731522115026852,0.024798856236555592
26231,15150Д,0.0,0.0,0.5243840705008951,0.19263999493251888,0.15731522115026852,0.03796937097773252
16197,16210,0.0,0.0,-0.5240195991087,0.14587335549431152,0.15720587973261,-0.031013620032778914
16210,16197,0.0,0.0,-0.5240195991087,-0.010405980571150565,0.15720587973261,-0.02952979772428398
7516Д,7585,0.03034742370771179,0.0,-0.47280857151671735,0.06361706564039471,0.15701628330887107,-0.03180423693897458
7585,7516Д,0.03034742370771179,0.0,-0.47280857151671735,0.13464468175229882,0.15701628330887107,-0.023494187023017934
7585,26310,0.0,0.0,0.5198049628674687,-0.3530061706002337,0.1559414888602406,0.023333366621112524
26310,7585,0.0,0.0,0.5198049628674687,0.07154561932026077,0.1559414888602406,0.024170531066712624
7586,26249,0.0,0.0,0.5151499844225116,-0.26927826926558185,0.15454499532675348,0.033426897440826935
26249,7586,0.0,0.0,0.5151499844225116,-0.056542972744300604,0.15454499532675348,0.03603271749726278
16259,7965,0.0,0.0,-0.5143656842000055,-0.5511593718756473,0.15430970526000165,-0.055227319106541314
7965,16259,0.0,0.0,-0.5143656842000055,0.37006373356799205,0.15430970526000165,-0.028401625386618473
26220,7587,0.0,0.0,0.5134962171693391,-0.16629731686898439,0.15404886515080174,0.02321433609560569
7587,26220,0.0,0.0,0.5134962171693391,-0.046873647461788355,0.15404886515080174,0.036182357644104234
26218,26256,0.0,0.0,-0.513261016307434,-0.15176489305690175,0.15397830489223022,-0.025543170801750986
26256,26218,0.0,0.0,-0.513261016307434,0.1434143365128022,0.15397830489223022,-0.022188014854998456
26218,26228,0.2823187523942341,0.0,-0.041815266428486104,-0.41231244208252266,0.15370395612566287,0.0254976596019194
26228,26218,0.2823187523942341,0.0,-0.041815266428486104,-0.008624361210908748,0.15370395612566287,0.03504318424124913
16186,26304,0.0,0.0,-0.5118562580283365,-0.3322611599224961,0.15355687740850094,-0.033498107670824256
26304,16186,0.0,0.0,-0.5118562580283365,-0.0026575307070427234,0.15355687740850094,-0.030997734136733127
26310,7516Д,0.04738309882305197,0.0,-0.43154495393134845,-0.606729264787129,0.15315503559093052,-0.023738637952160132
7516Д,26310,0.04738309882305197,0.0,-0.43154495393134845,0.2553770470678444,0.15315503559093052,-0.031022126735411264
26220,16181,0.0,0.0,-0.5104427611614538,-0.015650037435394525,0.15313282834843614,-0.023076294272413794
16181,26220,0.0,0.0,-0.5104427611614538,0.2129092674848979,0.15313282834843614,-0.031052545109930142
7443Д/1,15150,0.0,0.0,-0.5085676880776246,-0.370421551852245,0.1525703064232874,-0.03760586661478459
15150,7443Д/1,0.0,0.0,-0.5085676880776246,0.17567969178747517,0.1525703064232874,-0.025605829571547584
7585,26220,0.0,0.0,0.5074353589864057,0.39993492917442275,0.1522306076959217,0.022778111240858746
26220,7585,0.0,0.0,0.5074353589864057,0.08047627504242957,0.1522306076959217,0.022940334468754327
16186,26218,0.0,0.0,-0.5048198191135044,0.058469857133355514,0.15144594573405132,-0.0330376123956543
26218,16186,0.0,0.0,-0.5048198191135044,-0.32485510417142033,0.15144594573405132,-0.02512308251363783
7965,26257,0.2046390996520125,0.0,-0.16133947867568535,-0.06588899796835837,0.15072139342871185,-0.027741175104305085
26257,7965,0.2046390996520125,0.0,-0.16133947867568535,-0.18268075181249818,0.15072139342871185,-0.02472833837175863
26304,26233,0.0,0.0,0.5017247888706917,-0.05326998893642217,0.1505174366612075,0.03038417792356322
26233,26304,0.0,0.0,0.5017247888706917,-0.34923008625152363,0.1505174366612075,0.026955728019318597
16228,7583А,0.0,0.0,-0.5016464780780554,-0.019300145061360453,0.15049394342341663,-0.020013129097240175
7583А,16228,0.0,0.0,-0.5016464780780554,0.11345492750929961,0.15049394342341663,-0.02853811203343965
15150Д,7585,0.0,0.0,0.5015808435812781,0.11200948922411522,0.15047425307438342,0.0237204597368889
7585,15150Д,0.0,0.0,0.5015808435812781,0.1700608931527437,0.15047425307438342,0.022515309682398784
15150,26293,0.0,0.0,0.5004248133024152,0.3933342372399686,0.15012744399072456,0.0251958446892901
26293,15150,0.0,0.0,0.5004248133024152,-0.1962667188396694,0.15012744399072456,0.02505740649769413
7443Д/1,16186,0.0,0.0,0.49915818012051366,0.33775390484774814,0.14974745403615408,0.036910083714216474
16186,7443Д/1,0.0,0.0,0.49915818012051366,-0.19578446561393217,0.14974745403615408,0.032667090028083594
16210,7579,0.0,0.0,-0.49697763087875096,0.15241457801599495,0.14909328926362528,-0.028005916073187066
7579,16210,0.0,0.0,-0.49697763087875096,-0.3437553113390072,0.14909328926362528,-0.037374189344965676
15150,26183,0.0,0.0,0.49687608741735095,0.2631687055320649,0.14906282622520528,0.025017170203397034
26183,15150,0.0,0.0,0.49687608741735095,0.38822169525421935,0.14906282622520528,0.02366051220605051
16241,7620,0.0,0.0,-0.4961065746269961,0.026930287633217007,0.1488319723880988,-0.029652492323750113
7620,16241,0.0,0.0,-0.4961065746269961,-0.42025413960290714,0.1488319723880988,-0.02176124869674552
7443Д/1,7586,0.0,0.0,0.49560845476834847,0.37428927045389926,0.14868253643050452,0.036647600467163886
7586,7443Д/1,0.0,0.0,0.49560845476834847,-0.22463433840777766,0.14868253643050452,0.032158892534801656
7443Д/1,26249,0.0,0.0,0.49549048682218194,0.5384010892063597,0.14864714604665458,0.03663887736706854
26249,7443Д/1,0.0,0.0,0.49549048682218194,0.26293148944355577,0.14864714604665458,0.03465761287804222
16241,26214,0.0,0.0,0.4858795154570714,0.02039442478515201,0.1457638546371214,0.029041216825620022
26214,16241,0.0,0.0,0.4858795154570714,0.04756893169219622,0.1457638546371214,0.03475093556349051
7579,26220,0.0,0.0,-0.48496707150274987,0.1306947615031272,0.14549012145082496,-0.03647095971778124
26220,7579,0.0,0.0,-0.48496707150274987,-0.44398358653512326,0.14549012145082496,-0.021924579416042284
7583А,26310,0.0,0.0,0.47781189813148217,-0.24361244711006635,0.14334356943944465,0.027182189202303093
26310,7583А,0.0,0.0,0.47781189813148217,0.27612069861909416,0.14334356943944465,0.022217885847266302
16241,16197,0.0,0.0,0.47451638978777133,0.38197912375250026,0.1423549169363314,0.028362038169428935
16197,16241,0.0,0.0,0.47451638978777133,-0.18788354644978664,0.1423549169363314,0.02808381792825127
16181,7586,0.0,0.0,0.4727653286601835,0.1071770558818962,0.14182959859805505,0.028760456238476877
7586,16181,0.0,0.0,0.4727653286601835,0.15680931041684368,0.14182959859805505,0.030676654629851547
16241,26233,0.0,0.0,0.46912098117626755,0.4188439650577846,0.14073629435288026,0.028039552395971085
26233,16241,0.0,0.0,0.46912098117626755,-0.07881130600585606,0.14073629435288026,0.025204051817344905
16241,26293,0.0,0.0,-0.4685061062431503,0.06815552675479658,0.1405518318729451,-0.028002801070415615
26293,16241,0.0,0.0,-0.4685061062431503,-0.19840546617908855,0.1405518318729451,-0.023459164371395957
26228,7579,0.0,0.0,-0.46826835030466063,0.27899222079479313,0.14048050509139817,-0.03202835077450335
7579,26228,0.0,0.0,-0.46826835030466063,0.08086623719979721,0.14048050509139817,-0.0352151664403803
7579,7586,0.0,0.0,-0.46657463784095554,-0.25675355027044344,0.13997239135228665,-0.03508779424819026
7586,7579,0.0,0.0,-0.46657463784095554,0.05165549482481223,0.13997239135228665,-0.030274954943624862
26293,26310,0.0,0.0,0.46629104603790156,-0.2430984967811181,0.13988731381137046,0.02334825127815123
26310,26293,0.0,0.0,0.46629104603790156,0.23065116272559136,0.13988731381137046,0.021682175083931613
7583А,26218,0.0,0.0,-0.4657794216701594,0.5088083448068734,0.13973382650104782,-0.026497674955121384
26218,7583А,0.0,0.0,-0.4657794216701594,-0.036091154691728765,0.13973382650104782,-0.023180181127442762
16228,16241,0.0,0.0,0.46531558366031367,-0.043402980434010446,0.1395946750980941,0.01856371220312349
16241,16228,0.0,0.0,0.46531558366031367,0.26733143263713205,0.1395946750980941,0.02781210223424831
16210,7516Д,0.12286835428222757,0.0,-0.2597280045234188,0.3401133879872336,0.13935257849813942,-0.026176205765374157
7516Д,16210,0.12286835428222757,0.0,-0.2597280045234188,0.2928270309809592,0.13935257849813942,-0.02822638729700133
26304,7965,0.14062025324650865,0.0,0.22910743050816798,-0.048398391970833704,0.13904235577570473,0.02806776258294604
7965,26304,0.14062025324650865,0.0,0.22910743050816798,0.011856687956876708,0.13904235577570473,0.02559157828057957
16228,7579,0.0,0.0,0.461463826113743,0.2742868200689049,0.1384391478341229,0.018410046774580816
7579,16228,0.0,0.0,0.461463826113743,-0.35184984550717596,0.1384391478341229,0.03470344607368275
7965,7586,0.0,0.0,-0.4610222849864899,-0.38742338291115663,0.13830668549594696,-0.025456173759791045
7586,7965,0.0,0.0,-0.4610222849864899,0.3718296935571313,0.13830668549594696,-0.02991467553950227
26214,7587,0.0,0.0,-0.4601989422331785,0.17215346960321215,0.13805968266995353,-0.032914216959501835
7587,26214,0.0,0.0,-0.4601989422331785,-0.08491366071520978,0.13805968266995353,-0.0324268848699779
26257,26203,0.0,0.0,-0.4596011831187864,0.04510933756495891,0.1378803549356359,-0.022621553543951498
26203,26257,0.0,0.0,-0.4596011831187864,0.22401833000892146,0.1378803549356359,-0.02464734133671843
7443Д/1,26256,0.0,0.0,-0.4591910745484289,-0.3390780297336925,0.13775732236452867,-0.033954729537461495
26256,7443Д/1,0.0,0.0,-0.4591910745484289,-0.38230190625422367,0.13775732236452867,-0.01985059854469932
16186,26231,0.0,0.0,-0.45914924438495164,0.07164834915127644,0.13774477331548549,-0.030048730642916622
26231,16186,0.0,0.0,-0.45914924438495164,-0.48469169908172083,0.13774477331548549,-0.03324587640037407
7620,7587,0.0,0.0,0.45681923287918663,0.07183232224330273,0.137045769863756,0.020037946369920054
7587,7620,0.0,0.0,0.45681923287918663,-0.08868254624516499,0.137045769863756,0.03218874124108544
26249,16186,0.0,0.0,0.454630619005039,-0.3190680081537889,0.13638918570151168,0.03179962565383398
16186,26249,0.0,0.0,0.454630619005039,-0.14001197569127513,0.13638918570151168,0.029753012075200966
26233,7583А,0.0,0.0,-0.4533691568026396,-0.5706443919819795,0.13601074704079189,-0.024357767354144865
7583А,26233,0.0,0.0,-0.4533691568026396,0.15813765855535916,0.13601074704079189,-0.025791668744311644
15150Д,26203,0.0,0.0,0.4522392230981646,0.12298683506246735,0.13567176692944938,0.021387025481972247
26203,15150Д,0.0,0.0,0.4522392230981646,-0.10988830704128548,0.13567176692944938,0.024252536562056566
26220,16186,0.0,0.0,0.4515146105159264,0.17970251314152771,0.13545438315477792,0.02041224758845034
16186,26220,0.0,0.0,0.4515146105159264,0.12813327097573388,0.13545438315477792,0.029549086878948475
16197,26249,0.0,0.0,-0.44876272995174527,-0.13452072218385275,0.13462881898552356,-0.026559611158186794
26249,16197,0.0,0.0,-0.44876272995174527,0.016028321016787205,0.13462881898552356,-0.03138918986822557
7443Д/1,26257,0.0,0.0,0.4477894957150527,0.4758945096320088,0.13433684871451582,0.033111643626072544
26257,7443Д/1,0.0,0.0,0.4477894957150527,0.283556799976027,0.13433684871451582,0.02204018271884873
26220,16192,0.0,0.0,0.44609335262329297,0.1515498981855659,0.1338280057869879,0.020167161259529935
16192,26220,0.0,0.0,0.44609335262329297,-0.1416766126540556,0.1338280057869879,0.03334541903468763
7583А,15150,0.0,0.0,0.44473085240821175,0.08609527440018654,0.13341925572246352,0.025300245183377607
15150,7583А,0.0,0.0,0.44473085240821175,0.5585824705688165,0.13341925572246352,0.02239171437536473
26233,26257,0.0,0.0,0.4441505505335404,-0.21682126811880295,0.13324516516006213,0.023862487374324958
26257,26233,0.0,0.0,0.4441505505335404,-0.3818945687698175,0.13324516516006213,0.021861073969152996
7620,16181,0.0,0.0,-0.4440004529012757,-0.01257221549566535,0.1332001358703827,-0.019475662632201168
16181,7620,0.0,0.0,-0.4440004529012757,0.006051972802469064,0.1332001358703827,-0.02701055856130619
26249,7579,0.0,0.0,-0.4426530443475684,0.05842524047677575,0.1327959133042705,-0.030961841363849343
7579,26249,0.0,0.0,-0.4426530443475684,0.010673730526646276,0.1327959133042705,-0.03328881958795395
26259,26304,0.0,0.0,-0.44110569492662577,-0.003606337458242562,0.13233170847798773,-0.02793062320006346
26304,26259,0.0,0.0,-0.44110569492662577,-0.13584490466416507,0.13233170847798773,-0.026713118855289056
26249,26233,0.0,0.0,-0.4394472681331968,-0.1338131356742867,0.13183418043995904,-0.03073760991245682
26233,26249,0.0,0.0,-0.4394472681331968,-0.20357889933177517,0.13183418043995904,-0.023609798242765254
7585,15150,0.07054414527473415,0.0,0.3205160367243469,0.12726711835588808,0.13142688365467114,0.019665271138543185
15150,7585,0.07054414527473415,0.0,0.3205160367243469,0.12560795151974644,0.13142688365467114,0.022057335158287814
16241,7443Д/1,0.0,0.0,0.4367715301075779,-0.3111397451027592,0.13103145903227337,0.02610601251048767
7443Д/1,16241,0.0,0.0,0.4367715301075779,0.22178519715462863,0.13103145903227337,0.03229692386562693
15150,7587,0.0957788571479224,0.0,0.27650904534880055,-0.22330019809986726,0.13084214217860138,0.021959198168655523
7587,15150,0.0957788571479224,0.0,0.27650904534880055,0.22751175900203857,0.13084214217860138,0.03073165893557543
26304,16197,0.0,0.0,0.4343887205053913,-0.15092415012093652,0.13031661615161738,0.02630634256986336
16197,26304,0.0,0.0,0.4343887205053913,-0.5157271144598485,0.13031661615161738,0.025708898574010486
26310,26249,0.0,0.0,0.43324841407695225,0.5132678762037189,0.12997452422308567,0.020145718106044493
26249,26310,0.0,0.0,0.43324841407695225,0.013648070609860015,0.12997452422308567,0.03030402442518206
7443Д/1,26228,0.0,0.0,0.4307816896312088,0.16128514185434262,0.12923450688936264,0.03185400712655995
26228,7443Д/1,0.0,0.0,0.4307816896312088,-0.24550203176059326,0.12923450688936264,0.02946435960014158
26183,26231,0.0,0.0,0.4249432797664121,-0.05243861313609217,0.12748298392992363,0.020235177164698533
26231,26183,0.0,0.0,0.4249432797664121,0.21115434475026507,0.12748298392992363,0.03076910596947231
16228,16186,0.0,0.0,-0.4244933622376469,-0.4082870049347064,0.12734800867129406,-0.016935114329780437
16186,16228,0.0,0.0,-0.4244933622376469,-0.07067523732842243,0.12734800867129406,-0.027780698449523876
16197,7587,0.0,0.0,-0.4229167398338858,0.4507391238875052,0.12687502195016573,-0.02502993990495572
7587,16197,0.0,0.0,-0.4229167398338858,-0.14082836465201976,0.12687502195016573,-0.029799878212738527
7965,26214,0.0,0.0,0.42188376559923935,-0.24128202401618087,0.1265651296797718,0.023295070093724234
26214,7965,0.0,0.0,0.42188376559923935,0.12296076976625214,0.1265651296797718,0.03017384986858377
26231,7965,0.0,0.0,0.42147497507660725,0.05890416232583095,0.12644249252298218,0.030517974490010664
7965,26231,0.0,0.0,0.42147497507660725,-0.14997029958359015,0.12644249252298218,0.02327249799056488
26310,26304,0.0,0.0,-0.4214223743307361,0.279753462027541,0.1264267122992208,-0.01959581635153782
26304,26310,0.0,0.0,-0.4214223743307361,-0.04545603514141237,0.1264267122992208,-0.025521107760006725
15150,26233,0.0,0.0,-0.42108841349789744,0.38061292107655637,0.12632652404936923,-0.02120134330857208
26233,15150,0.0,0.0,-0.42108841349789744,-0.03334174735061954,0.12632652404936923,-0.022623448149501516
26293,7587,0.0,0.0,0.4160346567089564,0.05447860468186995,0.12481039701268691,0.02083179976925944
7587,26293,0.0,0.0,0.4160346567089564,-0.27833601391363477,0.12481039701268691,0.029314947682314515
7587,26231,0.0,0.0,-0.41480725210812036,-0.33197979830374685,0.1244421756324361,-0.029228461373834422
26231,7587,0.0,0.0,-0.41480725210812036,0.33627360071983037,0.1244421756324361,-0.030035180939997984
26203,26214,0.0,0.0,-0.4101861100278338,-0.25781292573718956,0.12305583300835013,-0.021997326022600294
26214,26203,0.0,0.0,-0.4101861100278338,0.10664352083825479,0.12305583300835013,-0.029337213496656425
7579,26233,0.0,0.0,0.40972354922112103,0.1445649655216178,0.1229170647663363,0.030812424053382633
26233,7579,0.0,0.0,0.40972354922112103,0.3022370042193035,0.1229170647663363,0.022012858046686783
16192,16210,0.0,0.0,0.4067640873826486,0.03223725449927815,0.12202922621479456,0.03040556166612664
16210,16192,0.0,0.0,0.4067640873826486,0.3501505673141399,0.12202922621479456,0.022922160244279236
16192,26257,0.0,0.0,0.40338130268097344,0.5703515259935208,0.12101439080429202,0.030152698957641624
26257,16192,0.0,0.0,0.40338130268097344,-0.16919044171276032,0.12101439080429202,0.019854413070272955
7583А,26220,0.0,0.0,0.4032407521410143,-0.06391902594002101,0.12097222564230428,0.022939919373376225
26220,7583А,0.0,0.0,0.4032407521410143,0.17453381217565372,0.12097222564230428,0.018229864280693047
7583А,16197,0.0,0.0,-0.4031234206820489,0.4706654257637576,0.12093702620461468,-0.02293324451674446
16197,7583А,0.0,0.0,-0.4031234206820489,-0.15014931864563458,0.12093702620461468,-0.023858490439312246
26218,26257,0.0,0.0,0.40168029618539836,-0.09905108981485469,0.1205040888556195,0.019990196190968625
26257,26218,0.0,0.0,0.40168029618539836,-0.08776299749670342,0.1205040888556195,0.019770689592328132
7583А,7579,0.0,0.0,-0.39753254081735734,0.4454123242483757,0.1192597622452072,-0.022615185559059038
7579,7583А,0.0,0.0,-0.39753254081735734,0.2604615503484665,0.1192597622452072,-0.029895624125018266
16210,26203,0.0,0.0,0.39724898682736964,0.23800798784503313,0.11917469604821089,0.022385960844101223
26203,16210,0.0,0.0,0.39724898682736964,-0.044532398391097947,0.11917469604821089,0.0213035382275532
7587,16241,0.0,0.0,-0.39724516073080923,0.002081667438121851,0.11917354821924277,-0.027990988048918464
16241,7587,0.0,0.0,-0.39724516073080923,9.666027826446719e-06,0.11917354821924277,-0.02374350529031715
7516Д,26231,0.0,0.0,-0.393817262010211,-0.18106728439211398,0.1181451786030633,-0.023930748928108165
26231,7516Д,0.0,0.0,-0.393817262010211,-0.351916680560514,0.1181451786030633,-0.02851534697539037
26259,7579,0.0,0.0,-0.3925035008582771,-0.10970876582393103,0.11775105025748313,-0.024853153140545838
7579,26259,0.0,0.0,-0.3925035008582771,-0.07343719245561482,0.11775105025748313,-0.02951742542959264
16186,26203,0.0,0.0,0.391660884679872,0.24804183916404776,0.11749826540396159,0.025631997811249415
26203,16186,0.0,0.0,0.391660884679872,-0.45556382793716993,0.11749826540396159,0.021003861320459106
16192,7965,0.0,0.0,-0.39012920466165646,0.4527390663081398,0.11703876139849693,-0.0291621063856065
7965,16192,0.0,0.0,-0.39012920466165646,-0.21926429802789438,0.11703876139849693,-0.021541684959821932
15150,16192,0.0,0.0,-0.3897400212772768,0.06135382200996729,0.11692200638318304,-0.019622985879736134
16192,15150,0.0,0.0,-0.3897400212772768,-0.6769138700039311,0.11692200638318304,-0.029133014979161726
16181,15150,0.0,0.0,-0.38760897390927146,0.28549319389551187,0.11628269217278143,-0.02358000948028785
15150,16181,0.0,0.0,-0.38760897390927146,-0.1322957808683576,0.11628269217278143,-0.019515689964181012
7586,16192,0.0,0.0,0.3876075557274005,0.319230566979018,0.11628226671822015,0.025150962640742028
16192,7586,0.0,0.0,0.3876075557274005,-0.25090629014495525,0.11628226671822015,0.02897361346170018
7583А,7443Д/1,0.0,0.0,-0.38626237979832373,0.2790437214624538,0.11587871393949711,-0.021974038592317967
7443Д/1,7583А,0.0,0.0,-0.38626237979832373,0.16634353926205026,0.11587871393949711,-0.028562041737083207
16186,26228,0.0,0.0,0.3855305704723637,-0.19121912399352364,0.11565917114170911,0.02523080329197145
26228,16186,0.0,0.0,0.3855305704723637,-0.3335186117364371,0.11565917114170911,0.02636929943556843
26304,26203,0.0,0.0,-0.38355064957107754,0.10769492716343383,0.11506519487132326,-0.023227616888328376
26203,26304,0.0,0.0,-0.38355064957107754,-0.04676528237806549,0.11506519487132326,-0.020568928295067325
7516Д,26203,0.0,0.0,-0.3823298850564086,0.27600399214623317,0.11469896551692257,-0.02323270554544696
26203,7516Д,0.0,0.0,-0.3823298850564086,0.05133562364352662,0.11469896551692257,-0.020503461536516745
26183,7579,0.0,0.0,-0.38197007160672025,0.4961718690014063,0.11459102148201607,-0.018188855874655237
7579,26183,0.0,0.0,-0.38197007160672025,-0.14440764933015549,0.11459102148201607,-0.028725280361406393
26231,26257,0.0,0.0,-0.38096558043945666,-0.21372106639877222,0.114289674131837,-0.02758478807267323
26257,26231,0.0,0.0,-0.38096558043945666,0.012811247867561937,0.114289674131837,-0.018751112035510914
26304,7587,0.0,0.0,-0.37864390782280444,0.04354864030780655,0.11359317234684133,-0.022930467300324005
7587,26304,0.0,0.0,-0.37864390782280444,0.06762588060219268,0.11359317234684133,-0.026680292540671103
16197,16186,0.0,0.0,-0.3775188475637754,-0.1528116804363323,0.11325565426913262,-0.022343107230092012
16186,16197,0.0,0.0,-0.3775188475637754,-0.3176931837959908,0.11325565426913262,-0.02470648117533955
26293,26220,0.0,0.0,0.37208877028590975,-0.37702688326668493,0.11162663108577292,0.018631329467363515
26220,26293,0.0,0.0,0.37208877028590975,-0.24068655824067536,0.11162663108577292,0.01682153340570605
16192,26256,0.0,0.0,-0.37180552993554306,-0.43232535988591103,0.11154165898066291,-0.027792414126341793
26256,16192,0.0,0.0,-0.37180552993554306,0.39449414187579623,0.11154165898066291,-0.016072965526840295
7516Д,16192,0.0,0.0,0.37137390322307534,-0.46939674620865096,0.1114121709669226,0.022566952985043416
16192,7516Д,0.0,0.0,0.37137390322307534,0.4747960449711489,0.1114121709669226,0.027760150086742992
7585,7443Д/1,0.0,0.0,-0.3677186030470109,0.20140328076812,0.11031558091410326,-0.016506408347791914
7443Д/1,7585,0.0,0.0,-0.3677186030470109,-0.08578479908437722,0.11031558091410326,-0.02719082840325895
16241,7579,0.0,0.0,-0.3675236309212666,-0.2543821144316185,0.11025708927637998,-0.02196703733040309
7579,16241,0.0,0.0,-0.3675236309212666,0.029272904914577177,0.11025708927637998,-0.027638865247341257
26218,7516Д,0.0,0.0,0.3674533749253273,-0.05192136710680174,0.11023601247759819,0.0182868443524561
7516Д,26218,0.0,0.0,0.3674533749253273,-0.06436919217551963,0.11023601247759819,0.022328717672858146
7965,26293,0.0,0.0,0.3646884850883135,-0.12078328210188337,0.10940654552649404,0.020136929920589686
26293,7965,0.0,0.0,0.3646884850883135,0.667185412514624,0.10940654552649404,0.018260780386930568
16192,26293,0.0,0.0,-0.362375158788862,-0.15411239934279666,0.1087125476366586,-0.027087495131944098
26293,16192,0.0,0.0,-0.362375158788862,0.13773985362620234,0.1087125476366586,-0.018144946887259296
16181,7583А,0.0,0.0,-0.36204041901562617,-0.06777615339009815,0.10861212570468785,-0.02202455847844768
7583А,16181,0.0,0.0,-0.36204041901562617,0.3188043625824534,0.10861212570468785,-0.02059607809484858
15150Д,26233,0.0,0.0,-0.36157494639714993,0.1633653619931407,0.10847248391914498,-0.017099385009689973
26233,15150Д,0.0,0.0,-0.36157494639714993,0.1712764123238891,0.10847248391914498,-0.01942602026026906
26203,7583А,0.0,0.0,0.36092761178271726,-0.16128133622323382,0.10827828353481518,0.01935570745290278
7583А,26203,0.0,0.0,0.36092761178271726,-0.05436604178524602,0.10827828353481518,0.020532771724980206
26214,16210,0.0,0.0,-0.3604957088765334,0.09140761974896101,0.10814871266296003,-0.025783270855323982
16210,26214,0.0,0.0,-0.3604957088765334,0.2597169867905164,0.10814871266296003,-0.020314822922087264
16228,7443Д/1,0.16801557841792492,0.0,0.0801252963935977,-0.5998466336768297,0.10804537812704176,0.014368193507514683
7443Д/1,16228,0.16801557841792492,0.0,0.0801252963935977,0.21807907854230568,0.10804537812704176,0.02663126379858489
26257,26259,0.0,0.0,-0.359491531855968,0.5726517353902006,0.1078474595567904,-0.01769416014400272
26259,26257,0.0,0.0,-0.359491531855968,0.05459436434021317,0.1078474595567904,-0.022762849438053297
26304,26256,0.0,0.0,-0.3568913556960608,0.1139232681716972,0.10706740670881823,-0.02161314467889598
26256,26304,0.0,0.0,-0.3568913556960608,-0.08677096987630964,0.10706740670881823,-0.015428233296918795
26304,16192,0.0,0.0,-0.3565748901669115,0.030175623864448477,0.10697246705007345,-0.021593979700091585
16192,26304,0.0,0.0,-0.3565748901669115,-0.06204148925877734,0.10697246705007345,-0.02665392582055376
16186,26214,0.0,0.0,-0.3554254562043258,0.011944248607647775,0.10662763686129774,-0.02326059321174738
26214,16186,0.0,0.0,-0.3554254562043258,-0.2579696981367587,0.10662763686129774,-0.025420637695667613
16197,26256,0.0,0.0,-0.35124187421505465,0.07860657712925465,0.1053725622645164,-0.020787928629072486
26256,16197,0.0,0.0,-0.35124187421505465,0.2453773021072134,0.1053725622645164,-0.015184009061995565
26233,16186,0.0,0.0,-0.3508681470324576,0.09170420468597475,0.10526044410973728,-0.018850785434256823
16186,26233,0.0,0.0,-0.3508681470324576,-0.4261851436855259,0.10526044410973728,-0.0229623430078395
26203,7443Д/1,0.0,0.0,-0.35053295722723654,-0.23947986582843944,0.10515988716817096,-0.01879826633152083
7443Д/1,26203,0.0,0.0,-0.35053295722723654,0.1983178931335125,0.10515988716817096,-0.02592004160429755
16192,7620,0.0,0.0,-0.34610841248984225,-0.16707158969737387,0.10383252374695268,-0.025871558000215938
7620,16192,0.0,0.0,-0.34610841248984225,0.056498676302616936,0.10383252374695268,-0.01518172027026669
7579,26203,0.0,0.0,-0.34152527351740414,0.12837528610116442,0.10245758205522124,-0.025683711791939342
26203,7579,0.0,0.0,-0.34152527351740414,0.15845923060643433,0.10245758205522124,-0.018315205227232817
26218,26231,0.0,0.0,0.34014956562913923,-0.23808374682921438,0.10204486968874177,0.016928031112735546
26231,26218,0.0,0.0,0.34014956562913923,0.2842622986819701,0.10204486968874177,0.024629400036791007
16241,26259,0.0,0.0,0.33627894458054186,-0.10438992568402504,0.10088368337416255,0.020099529683335702
26259,16241,0.0,0.0,0.33627894458054186,0.14756701642381762,0.10088368337416255,0.021293038378832306
26293,16210,0.0,0.0,0.3361943057749337,-0.11104729957638473,0.10085829173248011,0.01683401213944547
16210,26293,0.0,0.0,0.3361943057749337,-0.155896328832011,0.10085829173248011,0.01894537887986611
16197,7579,0.0,0.0,0.3353530426117809,0.27301795804805484,0.10060591278353427,0.019847562682938236
7579,16197,0.0,0.0,0.3353530426117809,-0.15999574820954185,0.10060591278353427,0.02521954175245543
16186,16259,0.0,0.0,0.3319276797921542,-0.11615831562888881,0.09957830393764626,0.02172279616045822
16259,16186,0.0,0.0,0.3319276797921542,-0.49347616297319297,0.09957830393764626,0.035638994698268346
16181,7587,0.0,0.0,-0.33091567477339356,0.10888429309828647,0.09927470243201807,-0.02013109931288365
7587,16181,0.0,0.0,-0.33091567477339356,0.046096726037531045,0.09927470243201807,-0.023317229795175858
15150Д,26218,0.0,0.0,-0.3307321094612467,0.1676154497923829,0.09921963283837401,-0.015640784106023344
26218,15150Д,0.0,0.0,-0.3307321094612467,0.5211594078473131,0.09921963283837401,-0.016459357896240187
26259,7583А,0.0,0.0,0.32855581779686893,-0.03264319582913579,0.09856674533906068,0.020804013307059048
7583А,26259,0.0,0.0,0.32855581779686893,0.3287776610159969,0.09856674533906068,0.018691176251149685
26256,7579,0.0,0.0,-0.3277015561019485,0.5173824379290262,0.09831046683058454,-0.01416637298329495
7579,26256,0.0,0.0,-0.3277015561019485,-0.40159686742333855,0.09831046683058454,-0.02464412731160166
16210,7620,0.0,0.0,0.32721876718652804,-0.18872769040880663,0.0981656301559584,0.018439585128195487
7620,16210,0.0,0.0,0.32721876718652804,0.00981545072961926,0.0981656301559584,0.014353143729938043
26231,26256,0.0,0.0,0.3264222708934713,0.09886874859477734,0.0979266812680414,0.02363544012141566
26256,26231,0.0,0.0,0.3264222708934713,-0.09945029000179795,0.0979266812680414,0.014111070128981797
16186,7579,0.0,0.0,-0.32616767334857794,0.2563576941114564,0.09785030200457338,-0.02134583619756786
7579,16186,0.0,0.0,-0.32616767334857794,0.0971338867810371,0.09785030200457338,-0.024528774786869146
16228,26231,0.0,0.0,0.32376044389713304,0.09142920465214996,0.09712813316913992,0.012916386027701595
26231,16228,0.0,0.0,0.32376044389713304,0.26276358311709086,0.09712813316913992,0.023442703723824537
26257,26304,0.0,0.0,0.3199574023736411,-0.1533780078578377,0.09598722071209233,0.015748291726455966
26304,26257,0.0,0.0,0.3199574023736411,-0.09234133846495933,0.09598722071209233,0.01937644473091274
26218,7965,0.0,0.0,0.31916582613240735,-0.21634970040025303,0.0957497478397222,0.015883745213368855
7965,26218,0.0,0.0,0.31916582613240735,0.5120301260777891,0.0957497478397222,0.017623314518194957
15150,16197,0.0,0.0,-0.3182805897908625,0.22843796946431225,0.09548417693725875,-0.016025081280571903
16197,15150,0.0,0.0,-0.3182805897908625,0.2138450606773877,0.09548417693725875,-0.01883714519909585
7443Д/1,16210,0.0,0.0,0.31686900913972627,0.5444395518773728,0.09506070274191787,0.023430772287382717
16210,7443Д/1,0.0,0.0,0.31686900913972627,0.08359795672138355,0.09506070274191787,0.017856350718381094
7516Д,26228,0.0,0.0,0.31613423765802473,0.35645142639190747,0.09484027129740742,0.019210252568301365
26228,7516Д,0.0,0.0,0.31613423765802473,-0.1051768940662254,0.09484027129740742,0.021622768758456163
16186,7516Д,0.0,0.0,0.31554035973384514,0.4791448836636284,0.09466210792015355,0.020650338408619802
7516Д,16186,0.0,0.0,0.31554035973384514,0.04561370728830856,0.09466210792015355,0.019174164908189812
7586,26228,0.0,0.0,0.31547172952735825,-0.3437651266337859,0.09464151885820747,0.020470234819501394
26228,7586,0.0,0.0,0.31547172952735825,0.14463393192433022,0.09464151885820747,0.02157745490628968
15150Д,16186,0.0,0.0,-0.310452267782628,0.19785101863121085,0.0931356803347884,-0.014681722024278978
16186,15150Д,0.0,0.0,-0.310452267782628,-0.4173964182005753,0.0931356803347884,-0.020317351462875572
26183,7965,0.0,0.0,0.3100659081522069,0.03727052735355928,0.09301977244566208,0.014764884828022103
7965,26183,0.0,0.0,0.3100659081522069,-0.32664824071018594,0.09301977244566208,0.017120846197578702
7620,26304,0.0,0.0,-0.3072686002585349,0.11223841122364521,0.09218058007756047,-0.013478048405131959
26304,7620,0.0,0.0,-0.3072686002585349,0.15557127237064755,0.09218058007756047,-0.01860801783701726
7587,26256,0.0,0.0,0.3064849351264527,0.49062179359926056,0.0919454805379358,0.021595772596740254
26256,7587,0.0,0.0,0.3064849351264527,0.10593033234698891,0.0919454805379358,0.013249189159820622
26233,7586,0.1792850296063296,0.0,0.006232727139950872,0.04562591502306917,0.09151233294515007,0.016388676368673184
7586,26233,0.1792850296063296,0.0,0.006232727139950872,0.18900877399023047,0.09151233294515007,0.01979341590105051
7516Д,26220,0.0,0.0,-0.30300331646273104,0.074522249209681,0.09090099493881931,-0.018412337370995464
26220,7516Д,0.0,0.0,-0.30300331646273104,0.15785009166343697,0.09090099493881931,-0.013698291421160273
26231,16197,0.0,0.0,0.2991457680514707,0.02575352802659107,0.0897437304154412,0.021660415108939943
16197,26231,0.0,0.0,0.2991457680514707,-0.23318295621003812,0.0897437304154412,0.01770466829970157
16197,7965,0.0,0.0,0.2990164576021052,0.0837266047453435,0.08970493728063156,0.017697015179189073
7965,16197,0.0,0.0,0.2990164576021052,0.07650554501630885,0.08970493728063156,0.01651073093349369
7587,7579,0.0,0.0,-0.29594701768882803,-0.12990368112403938,0.0887841053066484,-0.020853241912377998
7579,7587,0.0,0.0,-0.29594701768882803,0.18811528994518345,0.0887841053066484,-0.02225609200080616
16181,15150Д,0.0,0.0,-0.2957963294760779,0.37966858617544424,0.08873889884282338,-0.017994630472391727
15150Д,16181,0.0,0.0,-0.2957963294760779,0.4080248872800396,0.08873889884282338,-0.013988622200081813
26249,7583А,0.0,0.0,0.2937794166903191,-0.2839179161966475,0.08813382500709573,0.020548716001572938
7583А,26249,0.0,0.0,0.2937794166903191,-0.2915714516503753,0.08813382500709573,0.0167127853438699
7443Д/1,26304,0.0,0.0,-0.2904189056334908,-0.22669935224745247,0.08712567169004724,-0.021474928281322084
26304,7443Д/1,0.0,0.0,-0.2904189056334908,0.04887267481202663,0.08712567169004724,-0.01758760957575235
7587,26183,0.0,0.0,0.2901793563553773,0.02865024074874478,0.08705380690661318,0.020446836610529075
26183,7587,0.0,0.0,0.2901793563553773,-0.12913370264082932,0.08705380690661318,0.013817916331367674
16210,26310,0.0,0.0,0.2900938314658709,-0.23264895586564674,0.08702814943976127,0.016347503373576534
26310,16210,0.0,0.0,0.2900938314658709,0.22652526312628585,0.08702814943976127,0.01348914009406113
15150,26203,0.0,0.0,0.2870953279157288,-0.07439074065465352,0.08612859837471863,0.01445493728708077
26203,15150,0.0,0.0,0.2870953279157288,0.4303104611302947,0.08612859837471863,0.015396253976759694
16197,7516Д,0.0,0.0,0.283889540418931,-0.24176363882075036,0.0851668621256793,0.016801742440184203
7516Д,16197,0.0,0.0,0.283889540418931,-0.5161230070835645,0.0851668621256793,0.017250867268751933
16210,7965,0.01041617490185171,0.0,-0.26360356993365813,-0.008495783646941644,0.08428915843102329,-0.01583300702907443
7965,16210,0.01041617490185171,0.0,-0.26360356993365813,0.1118578085692417,0.08428915843102329,-0.01551392440208224
26220,26183,0.0,0.0,0.2807186933095481,0.10006858414281038,0.08421560799286441,0.012690839536716682
26183,26220,0.0,0.0,0.2807186933095481,0.03069074662511848,0.08421560799286441,0.013367413400875154
7579,7443Д/1,0.0,0.0,-0.2793837530913121,0.11055105289535162,0.08381512592739362,-0.02101048546084228
7443Д/1,7579,0.0,0.0,-0.2793837530913121,-0.17530735943586018,0.08381512592739362,-0.020658937638771403
7579,26257,0.0,0.0,0.27727347492168836,0.33511687184659067,0.0831820424765065,0.020851786294156228
26257,7579,0.0,0.0,0.27727347492168836,-0.1816395865129516,0.0831820424765065,0.013647390367220489
26218,16192,0.0,0.0,-0.2764247802393048,0.19929120380230758,0.08292743407179143,-0.013756675748114428
16192,26218,0.0,0.0,-0.2764247802393048,-0.008866650313410385,0.08292743407179143,-0.0206627157173419
16241,16259,0.0,0.0,-0.2762371958435266,0.09175672634186713,0.08287115875305796,-0.01651080987072793
16259,16241,0.0,0.0,-0.2762371958435266,0.5243724032155294,0.08287115875305796,-0.029659520906170175
16259,26220,0.0,0.0,0.27610654762120446,0.25257146496217153,0.08283196428636133,0.029645493238138417
26220,16259,0.0,0.0,0.27610654762120446,-0.09347953282519952,0.08283196428636133,0.01248233186606368
26231,26310,0.0,0.0,-0.2757650596438366,0.07253847311492934,0.08272951789315097,-0.019967475065197453
26310,26231,0.0,0.0,-0.2757650596438366,-0.3146963419943258,0.08272951789315097,-0.012822863222517257
26259,16181,0.0,0.0,0.2739337806662956,0.07285323101667242,0.08218013419988868,0.017345369369651496
16181,26259,0.0,0.0,0.2739337806662956,0.18243174711065815,0.08218013419988868,0.01666463260624688
26228,26214,0.0,0.0,0.27291612044241104,-0.15492960915196716,0.08187483613272331,0.018666760697918443
26214,26228,0.0,0.0,0.27291612044241104,-0.22208975325738675,0.08187483613272331,0.019519428611453744
16241,26310,0.0,0.0,-0.272230839757346,0.0516697751230407,0.0816692519272038,-0.016271348333293155
26310,16241,0.0,0.0,-0.272230839757346,-0.1600917672878412,0.0816692519272038,-0.012658524715451494
26228,26249,0.0,0.0,0.2716981564869903,-0.1788496614160095,0.08150944694609709,0.01858345509597132
26249,26228,0.0,0.0,0.2716981564869903,-0.406627214918543,0.08150944694609709,0.019004218602855113
16259,26310,0.0,0.0,0.26970908895771784,0.0375435967716463,0.08091272668731535,0.028958599648748227
26310,16259,0.0,0.0,0.26970908895771784,0.25598437382827655,0.08091272668731535,0.012541265242381666
26228,26293,0.0,0.0,-0.2696434030753312,7.537026911228744e-18,0.08089302092259935,-0.01844291524744022
26293,26228,0.0,0.0,-0.2696434030753312,-0.3051354056080152,0.08089302092259935,-0.013501657353263686
26304,7516Д,0.0,0.0,0.26935989376711056,0.009459006423245472,0.08080796813013316,0.016312287371954604
7516Д,26304,0.0,0.0,0.26935989376711056,-0.3362031622105569,0.08080796813013316,0.0163679569456645
7585,26228,0.0,0.0,-0.26773152584909465,-0.1668518410983945,0.08031945775472839,-0.012018118900222134
26228,7585,0.0,0.0,-0.26773152584909465,-0.31123549201370077,0.08031945775472839,-0.018312147762514427
26220,26257,0.0,0.0,-0.26601709921590416,0.09041657533729856,0.07980512976477125,-0.012026204170340707
26257,26220,0.0,0.0,-0.26601709921590416,0.168212283725463,0.07980512976477125,-0.013093351963726173
7443Д/1,26220,0.0,0.0,0.2658432291100065,0.09873182542322265,0.07975296873300196,0.01965768814795132
26220,7443Д/1,0.0,0.0,0.2658432291100065,0.6345781376212799,0.07975296873300196,0.012018343783174592
16181,26256,0.0,0.0,-0.2638737904461511,-0.1664130710217111,0.07916213713384533,-0.016052637836440196
26256,16181,0.0,0.0,-0.2638737904461511,0.10107791361340568,0.07916213713384533,-0.011407130867614948
16181,7443Д/1,0.0,0.0,0.26327362739881266,-0.2569942845024375,0.0789820882196438,0.016016127199952015
7443Д/1,16181,0.0,0.0,0.26327362739881266,-0.013441212116749281,0.0789820882196438,0.01946767981382072
26304,26231,0.0,0.0,0.26123685639785943,0.1505382146746857,0.07837105691935782,0.0158203606858871
26231,26304,0.0,0.0,0.26123685639785943,-0.27901582981408124,0.07837105691935782,0.018915523318914454
26228,26257,0.0,0.0,0.25986775024240477,-0.060735340587355816,0.07796032507272142,0.017774285736650026
26257,26228,0.0,0.0,0.25986775024240477,-0.027483698431276196,0.07796032507272142,0.012790681230547257
26228,26231,0.1269687736800098,0.0,0.048054069137590256,0.08085319305054968,0.07790060758128198,0.01776067066057985
26231,26228,0.1269687736800098,0.0,0.048054069137590256,-0.23986764881023692,0.07790060758128198,0.01880197635687848
26257,7587,0.0,0.0,-0.2563794096128823,-0.051390638375757816,0.07691382288386468,-0.012618985231431675
7587,26257,0.0,0.0,-0.2563794096128823,-0.4579011116664508,0.07691382288386468,-0.01806519927709313
15150,26218,0.0,0.0,-0.2548997325978889,-0.09306226789500896,0.07646991977936667,-0.012833924104392503
26218,15150,0.0,0.0,-0.2548997325978889,0.4253959447791677,0.07646991977936667,-0.012685450872365863
26293,26231,0.0,0.0,0.25430240915216595,0.16578919727689267,0.07629072274564978,0.012733498959448981
26231,26293,0.0,0.0,0.25430240915216595,0.09497138260449399,0.07629072274564978,0.01841341691483214
26183,26304,0.0,0.0,-0.2541433880542878,-0.20370390636767347,0.07624301641628635,-0.012101936252156073
26304,26183,0.0,0.0,-0.2541433880542878,0.20459070484076955,0.07624301641628635,-0.015390784135102422
7585,7965,0.0,0.0,0.2537058095089112,-0.35858777414291737,0.07611174285267336,0.01138852279232066
7965,7585,0.0,0.0,0.2537058095089112,0.07888002498058386,0.07611174285267336,0.014008822091792269
26259,26249,0.0,0.0,0.2514271838983217,0.6077486083712794,0.07542815516949651,0.015920261326223012
26249,26259,0.0,0.0,0.2514271838983217,0.0853532310404233,0.07542815516949651,0.01758634371055349
16181,26228,0.0,0.0,0.25014683145377337,-0.35058402914781495,0.07504404943613201,0.015217564747416323
26228,16181,0.0,0.0,0.25014683145377337,-0.07089059814408455,0.07504404943613201,0.01710939989371364
26231,16259,0.0,0.0,-0.24688119263281935,5.008551251208375e-19,0.0740643577898458,-0.017876064735426706
16259,26231,0.0,0.0,-0.24688119263281935,-1.1429470825650774e-19,0.0740643577898458,-0.026507573941566734
16259,26233,0.0,0.0,-0.2461154980632136,-0.6489787334481182,0.07383464941896407,-0.02642536150082133
26233,16259,0.0,0.0,-0.2461154980632136,-0.03582323067581123,0.07383464941896407,-0.013222831668460654
26218,7586,0.0,0.0,-0.2461073884711977,-0.16860579477189633,0.07383221654135931,-0.01224788725338779
7586,26218,0.0,0.0,-0.2461073884711977,0.21152391209149618,0.07383221654135931,-0.01596934229373721
26218,26259,0.0,0.0,-0.24588649100386145,0.06950790776868687,0.07376594730115843,-0.012236893974025881
26259,26218,0.0,0.0,-0.24588649100386145,-0.016906627635001822,0.07376594730115843,-0.015569427031217638
16241,26220,0.0,0.0,-0.24463070167057344,-0.32727202344579803,0.07338921050117203,-0.01462167682194945
26220,16241,0.0,0.0,-0.24463070167057344,0.4364440038329489,0.07338921050117203,-0.011059359617466777
26249,16181,0.0,0.0,-0.24391290722810913,0.03947325015494233,0.07317387216843274,-0.017060749579443174
16181,26249,0.0,0.0,-0.24391290722810913,0.033909295276204926,0.07317387216843274,-0.014838326901455187
26228,16241,0.0,0.0,0.2435731496099441,0.3923875694222758,0.07307194488298323,0.016659776963107362
16241,26228,0.0,0.0,0.2435731496099441,-0.04380639159764421,0.07307194488298323,0.014558466503917773
7586,26220,0.0,0.0,0.24263895514758546,-0.2531593039615764,0.07279168654427563,0.01574428363413402
26220,7586,0.0,0.0,0.24263895514758546,0.17416118224520363,0.07279168654427563,0.0109693159683494
16241,26256,0.0,0.0,-0.24220052189840804,0.3413049267479192,0.0726601565695224,-0.014476423985714316
26256,16241,0.0,0.0,-0.24220052189840804,-0.23039560099175516,0.0726601565695224,-0.0104702063999175
7443Д/1,16259,0.0,0.0,0.241733719793072,0.21793086498156272,0.0725201159379216,0.017874918591852113
16259,7443Д/1,0.0,0.0,0.241733719793072,0.04097460871597314,0.0725201159379216,0.025954891027746146
16259,7579,0.0,0.0,-0.24085195778865973,0.3694795277229133,0.07225558733659791,-0.025860216454597976
7579,16259,0.0,0.0,-0.24085195778865973,-0.07305920426288225,0.07225558733659791,-0.018112780365149284
26203,26249,0.0,0.0,0.24024388674091252,-0.22350202579422848,0.07207316602227375,0.012883720273263054
26249,26203,0.0,0.0,0.24024388674091252,-0.6088353369601668,0.07207316602227375,0.01680411601115329
26214,16259,0.0,0.0,-0.23968108907279395,1.474846016661288e-19,0.07190432672183818,-0.017142402215332312
16259,26214,0.0,0.0,-0.23968108907279395,-5.319974408308793e-19,0.07190432672183818,-0.025734500563765257
7443Д/1,26214,0.0,0.0,-0.2388516991389805,0.03163326193863533,0.07165550974169414,-0.01766180854408542
26214,7443Д/1,0.0,0.0,-0.2388516991389805,-0.6442403380163878,0.07165550974169414,-0.017083082825998012
7965,16241,0.0,0.0,-0.237976399396202,-0.7047142612579249,0.07139291981886059,-0.013140294452223015
16241,7965,0.0,0.0,-0.237976399396202,0.42344492148293933,0.07139291981886059,-0.01422394646076835
26310,7443Д/1,0.08885458874582187,0.0,-0.08874982942324071,-0.031844694747143125,0.07105224319988315,0.011012915576056576
7443Д/1,26310,0.08885458874582187,0.0,-0.08874982942324071,-0.49078318253583336,0.07105224319988315,0.01751311407242613
7579,15150Д,0.0,0.0,-0.23663658469169008,0.14591301539549528,0.07099097540750703,-0.01779577182694356
15150Д,7579,0.0,0.0,-0.23663658469169008,0.04533286925415693,0.07099097540750703,-0.011190875112726593
16197,26257,0.0,0.0,0.23621120590601666,-0.19755773120876008,0.070863361771805,0.013979943879797677
26257,16197,0.0,0.0,0.23621120590601666,-0.37297312207460004,0.070863361771805,0.011626306977332695
26259,26231,0.0,0.0,0.23307842454198474,0.4984767400000111,0.06992352736259543,0.014758425762400298
26231,26259,0.0,0.0,0.23307842454198474,-0.13786737204721278,0.06992352736259543,0.01687663997856882
26233,26231,0.0,0.0,0.2318354619028266,0.21878071784596,0.06955063857084798,0.012455620680716071
26231,26233,0.0,0.0,0.2318354619028266,-0.03775818077430541,0.06955063857084798,0.016786640086862387
26231,16241,0.0,0.0,0.23151178078130877,-0.041631460977722266,0.06945353423439263,0.01676320312667849
16241,26231,0.0,0.0,0.23151178078130877,0.14945409548347716,0.06945353423439263,0.013837553569284865
15150Д,7587,0.0,0.0,0.22526674249460896,-0.4187109385500444,0.06758002274838268,0.010653179370351335
7587,15150Д,0.0,0.0,0.22526674249460896,0.373819590903845,0.06758002274838268,0.015872915066819992
7583А,26304,0.0,0.0,-0.22478619143515535,0.13416980307261064,0.0674358574305466,-0.012787837242123557
26304,7583А,0.0,0.0,-0.22478619143515535,-0.06485727005005375,0.0674358574305466,-0.013612928415793639
7586,7516Д,0.012371521071357833,0.0,-0.20153607269717233,0.030420805034919524,0.06664658234483062,-0.014415144716346728
7516Д,7586,0.012371521071357833,0.0,-0.20153607269717233,0.08544124032992015,0.06664658234483062,-0.013499515154732475
26304,26214,0.0,0.0,0.22073685557507977,-0.32618869948544477,0.06622105667252393,0.01336770285793006
26214,26304,0.0,0.0,0.22073685557507977,-0.05472054895294258,0.06622105667252393,0.015787478172157768
26257,16259,0.0,0.0,0.2198104810793142,0.07134130852859988,0.06594314432379425,0.010819063896909694
16259,26257,0.0,0.0,0.2198104810793142,-0.06698176727335757,0.06594314432379425,0.023600998189469646
16259,15150,0.0,0.0,-0.2192678148716015,0.5087503982332259,0.06578034446148044,-0.023542732249998397
15150,16259,0.0,0.0,-0.2192678148716015,0.14744300989327114,0.06578034446148044,-0.011039895828519303
26231,16210,0.0,0.0,-0.21633643485739254,-0.3247512633058426,0.06490093045721776,-0.015664393358200572
16210,26231,0.0,0.0,-0.21633643485739254,0.32471038618452397,0.06490093045721776,-0.012191092036628898
7965,26233,0.0,0.0,0.21175759143804979,0.02220837317137567,0.06352727743141494,0.01169257586487344
26233,7965,0.0,0.0,0.21175759143804979,-0.006254590377614484,0.06352727743141494,0.01137691453052998
26231,7620,0.0,0.0,0.20839737712723894,0.04718502596084736,0.06251921313817167,0.015089545560322389
7620,26231,0.0,0.0,0.20839737712723894,0.0750628486522142,0.06251921313817167,0.009141155113344344
16241,15150Д,0.0,0.0,-0.20561196108801852,-0.012198805861443465,0.06168358832640555,-0.012289510781867206
15150Д,16241,0.0,0.0,-0.20561196108801852,0.09277948669875674,0.06168358832640555,-0.009723677263246177
7579,7516Д,0.0,0.0,0.20374458677376064,0.4379638033291815,0.06112337603212819,0.015322196193478417
7516Д,7579,0.0,0.0,0.20374458677376064,-0.2359120911070286,0.06112337603212819,0.012380769006051322
26228,7583А,0.0,0.0,-0.20373309814611823,-0.3996761882077902,0.061119929443835465,-0.013934819911605816
7583А,26228,0.0,0.0,-0.20373309814611823,-0.21782678013794896,0.061119929443835465,-0.011590150103493808
26203,7586,0.0,0.0,-0.20370524655516692,-0.1878968755077203,0.06111157396655007,-0.010924238074965823
7586,26203,0.0,0.0,-0.20370524655516692,-0.26204056347691196,0.06111157396655007,-0.013217964846473109
26304,7585,0.0,0.0,-0.20359293112556198,0.6883280188968932,0.06107787933766859,-0.01232947619993544
7585,26304,0.0,0.0,-0.20359293112556198,0.06806872040328955,0.06107787933766859,-0.00913902106131075
15150Д,16259,0.0,0.0,-0.2026168082350843,0.14525714755344218,0.06078504247052528,-0.009582032295016162
16259,15150Д,0.0,0.0,-0.2026168082350843,-0.23238803646179929,0.06078504247052528,-0.021754917694697503
7965,7579,0.0,0.0,0.19962430761738015,0.4262076956031573,0.05988729228521404,0.011022614799488326
7579,7965,0.0,0.0,0.19962430761738015,0.2446674680031685,0.05988729228521404,0.015012339001168992
16259,26218,0.0,0.0,-0.1992643986471419,-0.004359852971792976,0.059779319594142566,-0.021394970288063878
26218,16259,0.0,0.0,-0.1992643986471419,-0.017084683369235604,0.059779319594142566,-0.009916678663753061
7620,7579,0.0,0.0,-0.19852851321802764,0.10679739570010413,0.05955855396540829,-0.008708266671895747
7579,7620,0.0,0.0,-0.19852851321802764,0.0989236262886036,0.05955855396540829,-0.01492993201779604
7587,26249,0.0,0.0,0.19586477644439726,-0.25814279578920335,0.05875943293331917,0.013801171565119097
26249,7587,0.0,0.0,0.19586477644439726,-0.030732685769648174,0.05875943293331917,0.01369997160185702
7579,7585,0.0,0.0,-0.19579878384506094,-0.06835530342144827,0.05873963515351828,-0.014724648286483268
7585,7579,0.0,0.0,-0.19579878384506094,0.6241714991524422,0.05873963515351828,-0.008789151958500269
7587,7443Д/1,0.0,0.0,-0.1952472090091878,0.5308304155777566,0.05857416270275634,-0.013757656062836961
7443Д/1,7587,0.0,0.0,-0.1952472090091878,0.19306234989578386,0.05857416270275634,-0.014437489189812193
7516Д,16259,0.0,0.0,0.1950393273480801,0.5058904047303521,0.05851179820442403,0.011851784124569397
16259,7516Д,0.0,0.0,0.1950393273480801,-0.16127882025240856,0.05851179820442403,0.020941325404571914
16181,7516Д,0.0,0.0,0.19235573495520522,0.030688547234655545,0.057706720486561565,0.011701870594185907
7516Д,16181,0.0,0.0,0.19235573495520522,0.13592070292864003,0.057706720486561565,0.011688712614063582
7443Д/1,26233,0.0,0.0,0.19089390219153948,0.0823564190114228,0.05726817065746184,0.014115585381616011
26233,7443Д/1,0.0,0.0,0.19089390219153948,0.011942847470104935,0.05726817065746184,0.010255989383350417
7620,16259,0.0,0.0,-0.18991407774512845,-0.13024491878006644,0.056974223323538534,-0.008330402554999552
16259,7620,0.0,0.0,-0.18991407774512845,-4.531432586500658e-18,0.056974223323538534,-0.0203910285943111
15150,26231,0.0,0.0,0.18979496086779105,-0.037424294699991194,0.05693848826033731,0.009555969707571004
26231,15150,0.0,0.0,0.18979496086779105,0.3497063067973561,0.05693848826033731,0.013742589991358412
16241,16192,0.0,0.0,0.18927362795073016,0.025656387990789474,0.056782088385219046,0.011312961945963203
16192,16241,0.0,0.0,0.18927362795073016,-0.048034945915997836,0.056782088385219046,0.01414817862476059
15150Д,16197,0.0,0.0,-0.188726602033589,0.15961314259882473,0.0566179806100767,-0.008925145013222948
16197,15150Д,0.0,0.0,-0.188726602033589,0.29392060104655165,0.0566179806100767,-0.01116961108993382
26256,16259,0.0,0.0,-0.18548742719025818,-0.16822073738044171,0.055646228157077454,-0.008018527920787432
16259,26256,0.0,0.0,-0.18548742719025818,-0.15892531356020526,0.055646228157077454,-0.01991574019487754
16259,26293,0.0,0.0,-0.18421458607008478,3.698961380242836e-18,0.05526437582102543,-0.019779075551657657
26293,16259,0.0,0.0,-0.18421458607008478,-0.4364174165106252,0.05526437582102543,-0.0092240425399791
26214,7620,0.0,0.0,-0.18351055872219482,0.09077272047295813,0.05505316761665845,-0.013124989629118396
7620,26214,0.0,0.0,-0.18351055872219482,0.027133305046558833,0.05505316761665845,-0.008049518210547616
26214,7583А,0.0,0.0,-0.17680476980749063,0.07905769733239977,0.05304143094224719,-0.012645380114693738
7583А,26214,0.0,0.0,-0.17680476980749063,-0.08376036986429511,0.05304143094224719,-0.010058227355934066
15150,26214,0.0,0.0,-0.17674477000777628,0.15053935954134365,0.05302343100233288,-0.008898906801547958
26214,15150,0.0,0.0,-0.17674477000777628,0.23277607832839123,0.05302343100233288,-0.012641088826200674
26231,16181,0.0,0.0,0.17399985895361056,0.1471302930130489,0.05219995768608317,0.012598905203912932
16181,26231,0.0,0.0,0.17399985895361056,-0.14980397233655937,0.05219995768608317,0.010585199517736824
16259,16228,0.0,0.0,-0.17189019714893536,0.0386565991090451,0.051567059144680606,-0.01845580889400718
16228,16259,0.0,0.0,-0.17189019714893536,-0.24784926208497635,0.051567059144680606,-0.006857539834170709
26257,16181,0.0,0.0,0.17180372613316996,-0.014231842089935966,0.05154111783995099,0.008456173161693984
16181,26257,0.0,0.0,0.17180372613316996,-0.011642226491448296,0.05154111783995099,0.010451598811324693
26218,16241,0.0,0.0,0.17126261737806694,-0.2790019662816972,0.05137878521342008,0.008523129847489899
16241,26218,0.0,0.0,0.17126261737806694,0.1753770817723658,0.05137878521342008,0.010236436497473782
7583А,16192,0.0,0.0,-0.1710394498252446,0.15152225409282769,0.05131183494757338,-0.009730244693338028
16192,7583А,0.0,0.0,-0.1710394498252446,0.1699143547213637,0.05131183494757338,-0.012785176224541228
16186,16181,0.0889108448948774,0.0,-0.01852020442034986,0.21201584703422613,0.050011483773543655,0.010909899292671481
16181,16186,0.0889108448948774,0.0,-0.01852020442034986,-0.14745019962523884,0.050011483773543655,0.010141416916553434
15150,16241,0.0,0.0,-0.16241804478377178,-0.01537188249988087,0.04872541343513153,-0.008177571779673234
16241,15150,0.0,0.0,-0.16241804478377178,-0.11150802614956123,0.04872541343513153,-0.009707792785875373
7620,7586,0.0,0.0,-0.16214615196023738,-0.6258210515846702,0.048643845588071215,-0.007112388584408432
7586,7620,0.0,0.0,-0.16214615196023738,0.2644913340199994,0.048643845588071215,-0.010521290800533592
16259,16181,0.0,0.0,-0.16161450577157266,-0.0031638001286828817,0.048484351731471795,-0.01735251039612901
16181,16259,0.0,0.0,-0.16161450577157266,-0.011626336099981193,0.048484351731471795,-0.009831742386691331
7587,26228,0.0,0.0,-0.1587881960269606,0.14875976092454476,0.04763645880808818,-0.011188653599009753
26228,7587,0.0,0.0,-0.1587881960269606,-0.03552002340857967,0.04763645880808818,-0.010860704204956974
26228,26304,0.0,0.0,-0.15788306512172265,-0.12388511720534542,0.047364919536516795,-0.010798795579035654
26304,26228,0.0,0.0,-0.15788306512172265,1.3637458654923624e-18,0.047364919536516795,-0.009561311795204716
26218,7443Д/1,0.0,0.0,-0.15776223589956745,-0.28951950623640127,0.04732867076987023,-0.007851263995539915
7443Д/1,26218,0.0,0.0,-0.15776223589956745,-0.2819197570886083,0.04732867076987023,-0.01166567546301481
16241,26304,0.0,0.0,-0.1555192014481455,-0.42571781370735945,0.046655760434443645,-0.009295446105716539
26304,16241,0.0,0.0,-0.1555192014481455,-0.018143411288115405,0.046655760434443645,-0.009418157508156865
26293,26214,0.0,0.0,-0.1532426074934035,0.07450274064915346,0.045972782248021045,-0.007673205258125971
26214,26293,0.0,0.0,-0.1532426074934035,0.10715985280026685,0.045972782248021045,-0.010960173889148116
16259,16210,0.0,0.0,0.15127192114499824,-0.06757260957239102,0.04538157634349947,0.016242029586261975
16210,16259,0.0,0.0,0.15127192114499824,-0.06126990975022077,0.04538157634349947,0.0085245461054769
16181,7965,0.0,0.0,0.1475014682968946,-0.15808455659097945,0.04425044048906838,0.008973182394923798
7965,16181,0.0,0.0,0.1475014682968946,0.2833586583030697,0.04425044048906838,0.008144558580069709
26249,7585,0.0,0.0,0.14099546788140258,-0.12227516595257003,0.04229864036442077,0.009862079037545159
7585,26249,0.0,0.0,0.14099546788140258,0.08133290144418141,0.04229864036442077,0.006329102603875805
7586,26214,0.0,0.0,0.1408065812366871,0.3242225950105728,0.04224197437100613,0.009136615145720124
26214,7586,0.0,0.0,0.1408065812366871,-0.06520338849293042,0.04224197437100613,0.010070727980512749
7516Д,26249,0.0,0.0,-0.13562429166224263,0.19954051876236398,0.040687287498672786,-0.008241362645595484
26249,7516Д,0.0,0.0,-0.13562429166224263,0.13532483348919036,0.040687287498672786,-0.0094863863632069
26214,26259,0.0,0.0,0.1343947053472158,-0.15566547930843885,0.04031841160416474,0.009612139629311097
26259,26214,0.0,0.0,0.1343947053472158,0.4628054875494059,0.04031841160416474,0.008509815035965563
15150Д,26249,0.0,0.0,-0.1314389202359269,0.16529912849743097,0.03943167607077807,-0.006215930403273539
26249,15150Д,0.0,0.0,-0.1314389202359269,-0.1611222935412378,0.03943167607077807,-0.00919363607535702
16210,26228,0.0,0.0,0.13012845745576124,-0.055758012124491045,0.03903853723672837,0.007333059743142583
26228,16210,0.0,0.0,0.13012845745576124,0.335637252929566,0.03903853723672837,0.008900451799543017
26293,7586,0.0,0.0,-0.12708963850569455,-0.6872064283433378,0.03812689155170836,-0.006363666726809007
7586,26293,0.0,0.0,-0.12708963850569455,0.2694301504084249,0.03812689155170836,-0.008246554286289867
16192,16228,0.0,0.0,-0.12517610404106314,0.056583407410857725,0.03755283121231894,-0.009356897200626334
16228,16192,0.0,0.0,-0.12517610404106314,0.06682630866001531,0.03755283121231894,-0.004993886411126292
16186,7620,0.0,0.0,0.12512160290854507,-0.27395010570682077,0.03753648087256352,0.008188503823947636
7620,16186,0.0,0.0,0.12512160290854507,0.41293065773160925,0.03753648087256352,0.0054883415328157254
7585,16192,0.0,0.0,-0.11741686070738296,0.21115518908461361,0.03522505821221489,-0.00527068968959421
16192,7585,0.0,0.0,-0.11741686070738296,0.22108571577300742,0.03522505821221489,-0.008776894788951387
16197,7443Д/1,0.0,0.0,0.11495904385335087,-0.2516033872058871,0.03448771315600526,0.006803745721464562
7443Д/1,16197,0.0,0.0,0.11495904385335087,0.1695128413263997,0.03448771315600526,0.008500607825978179
26233,16192,0.03170285053123243,0.0,0.05827614949251152,-0.13355860525550522,0.033334270113369674,0.005969737053926818
16192,26233,0.03170285053123243,0.0,0.05827614949251152,0.42910889450118345,0.033334270113369674,0.008305774255614379
16210,15150Д,0.0,0.0,0.10875053275668178,-0.5249548162075276,0.032625159827004535,0.006128360924238598
15150Д,16210,0.0,0.0,0.10875053275668178,-0.08534758992732065,0.032625159827004535,0.005142964821386918
26304,16259,0.0,0.0,-0.10786232170771476,1.6523085209093903e-19,0.032358696512314426,-0.006532083019841528
16259,26304,0.0,0.0,-0.10786232170771476,-2.2128747371886857e-19,0.032358696512314426,-0.011581151393855597
7516Д,16241,0.0,0.0,0.10760244207181834,-0.1149316511154759,0.0322807326215455,0.006538583433666811
16241,7516Д,0.0,0.0,0.10760244207181834,-0.2702343487766101,0.0322807326215455,0.006431441852892824
15150Д,26304,0.0,0.0,-0.10490575616024035,-0.2403363237668452,0.031471726848072104,-0.004961139957817456
26304,15150Д,0.0,0.0,-0.10490575616024035,0.10119767914039844,0.031471726848072104,-0.006353035032518956
16210,15150,0.0,0.0,-0.10378740228744307,-0.23571231440688883,0.03113622068623292,-0.005848676272967667
15150,16210,0.0,0.0,-0.10378740228744307,-0.18680992470458035,0.03113622068623292,-0.005225582743354078
16186,26293,0.0,0.0,0.10077319031876918,-0.2623896711140098,0.03023195709563075,0.006595037428347148
26293,16186,0.0,0.0,0.10077319031876918,0.20642856202849816,0.03023195709563075,0.005045942420846594
16192,26228,0.0,0.0,-0.09902063212902008,0.3812241637421592,0.029706189638706023,0.007401779138838972
26228,16192,0.0,0.0,-0.09902063212902008,0.0766749113154225,0.029706189638706023,0.00677275655652986
15150Д,7586,0.0,0.0,-0.09867564765255489,0.445206135616361,0.029602694295766466,0.004666509411407733
7586,15150Д,0.0,0.0,-0.09867564765255489,-0.35728694919927756,0.029602694295766466,0.006402835783226686
7586,16259,0.0,0.0,0.0960816702775191,-0.5763592737109103,0.028824501083255728,0.006234518558532701
16259,7586,0.0,0.0,0.0960816702775191,0.22478999155498366,0.028824501083255728,0.01031626569909886
16192,16181,0.0,0.0,0.09391185876129449,0.3051269934049271,0.028173557628388343,0.007019899006130698
16181,16192,0.0,0.0,0.09391185876129449,0.19457212996358592,0.028173557628388343,0.005713083723446292
16186,7587,0.0,0.0,0.09203179438903625,0.2783592578058316,0.027609538316710872,0.006022962324341508
7587,16186,0.0,0.0,0.09203179438903625,-0.032053108501662736,0.027609538316710872,0.006484813690681273
15150Д,26214,0.0,0.0,0.09189939344432131,0.3815222512959249,0.027569818033296393,0.004346050870834936
26214,15150Д,0.0,0.0,0.09189939344432131,0.20694080781733537,0.027569818033296393,0.0065728021007496725
26231,7586,0.0,0.0,-0.09182262161790197,-0.08816529699946174,0.02754678648537059,0.0066486519718797045
7586,26231,0.0,0.0,-0.09182262161790197,0.2492288251964503,0.02754678648537059,0.005958158688503572
7965,7583А,0.0,0.0,0.09021495140419718,-0.4690223421750893,0.027064485421259152,0.00498138062619608
7583А,7965,0.0,0.0,0.09021495140419718,-0.051667491326346564,0.027064485421259152,0.005132228576841906
7586,15150,0.0221217201710684,0.0,-0.053129170260981864,-0.1135687635774249,0.02699961116382876,0.005839808862184971
15150,7586,0.0221217201710684,0.0,-0.053129170260981864,0.28580745073083913,0.02699961116382876,0.004531336786078118
7965,16186,0.0,0.0,-0.08591254267160425,0.1979867341159527,0.025773762801481276,0.004743815398116623
16186,7965,0.0,0.0,-0.08591254267160425,-0.17759953214759963,0.025773762801481276,0.00562249178269959
16192,26310,0.0,0.0,-0.08184629212447499,-0.30481889667123396,0.024553887637342495,0.006117999497810867
26310,16192,0.0,0.0,-0.08184629212447499,-0.002526192417787463,0.024553887637342495,0.0038057896476726134
7587,7965,0.0,0.0,0.08131014784570782,-0.0505235617264817,0.024393044353712347,0.005729336947536249
7965,7587,0.0,0.0,0.08131014784570782,-0.007835793451893997,0.024393044353712347,0.004489685898926327
16186,26259,0.0,0.0,0.08012532681390282,-0.03661212856239165,0.024037598044170844,0.0052437511169854826
26259,16186,0.0,0.0,0.08012532681390282,0.2080087714871714,0.024037598044170844,0.005073501289511406
7583А,7587,0.0,0.0,0.07839059359620969,-0.41754399047921986,0.023517178078862905,0.00445955396913676
7587,7583А,0.0,0.0,0.07839059359620969,-0.10987896165818829,0.023517178078862905,0.005523617114585913
26183,16259,0.0,0.0,-0.07669990723247562,-0.18012017149759352,0.023009972169742685,0.003652337347747276
16259,26183,0.0,0.0,-0.07669990723247562,-0.030580081589823154,0.023009972169742685,0.008235250488683362
7586,26256,0.0,0.0,0.0750684435169089,-0.10137852723878818,0.02252053305507267,0.004871018612754459
26256,7586,0.0,0.0,0.0750684435169089,0.165197138249236,0.02252053305507267,0.00324517095001252
26256,16186,0.0,0.0,-0.07467976832894346,0.1381789754239881,0.02240393049868304,0.003228368717677811
16186,26256,0.0,0.0,-0.07467976832894346,-0.7288685992562265,0.02240393049868304,0.00488737000100655
7516Д,7965,0.0046151022395350665,0.0,-0.06672034196903683,-0.24929055884615287,0.02232365371047858,0.004521739764754494
7965,7516Д,0.0046151022395350665,0.0,-0.06672034196903683,0.13898068795774454,0.02232365371047858,0.004108802157824829
26259,16192,0.0,0.0,0.0742948776714748,-0.06792625308642201,0.02228846330144244,0.004704319753300729
16192,26259,0.0,0.0,0.0742948776714748,-0.02851387116999656,0.02228846330144244,0.005553532267445015
16210,16181,0.0,0.0,-0.07397635088108295,0.26296837450200644,0.022192905264324884,0.004168749950602312
16181,16210,0.0,0.0,-0.07397635088108295,0.034170032091921064,0.022192905264324884,0.004500316485194028
7965,26203,0.0,0.0,0.07122049557282321,0.4207944085500853,0.021366148671846965,0.003932567621136462
26203,7965,0.0,0.0,0.07122049557282321,-0.28727967123473747,0.021366148671846965,0.003819389351092959
16192,7579,0.0,0.0,-0.07064109392196001,-0.28659391899506365,0.021192328176588,0.005280412416021026
7579,16192,0.0,0.0,-0.07064109392196001,0.17602602274191181,0.021192328176588,0.005312419424404562
26256,26214,0.0,0.0,-0.06983522107767719,-0.10785928231451437,0.020950566323303155,0.0030189413835113427
26214,26256,0.0,0.0,-0.06983522107767719,0.14711848825068405,0.020950566323303155,0.004994734683246574
26203,26259,0.0,0.0,-0.06900007199541354,-0.07596237192564642,0.020700021598624063,0.0037003132045670935
26259,26203,0.0,0.0,-0.06900007199541354,0.3481125263379066,0.020700021598624063,0.00436905493138492
7583А,16259,0.0,0.0,-0.06898784310202992,-0.2121471506064989,0.020696352930608976,0.003924641917020989
16259,7583А,0.0,0.0,-0.06898784310202992,-0.47322199890396216,0.020696352930608976,0.007407208028260162
16259,26259,0.0,0.0,0.06872378730826242,-0.07007248730008375,0.020617136192478725,0.007378856421548664
26259,16259,0.0,0.0,0.06872378730826242,0.4196305721784803,0.020617136192478725,0.004351560703626086
26259,26183,0.0,0.0,0.0679082536358019,0.07462511677303173,0.02037247609074057,0.004299921461661078
26183,26259,0.0,0.0,0.0679082536358019,0.029638745623185137,0.02037247609074057,0.003233691668264729
26183,26228,0.0,0.0,-0.06756375758713855,-0.6091540326803252,0.020269127276141562,0.003217287270527051
26228,26183,0.0,0.0,-0.06756375758713855,0.030616740714318438,0.020269127276141562,0.004621187244955785
26231,26203,0.0,0.0,-0.06715902579232447,0.02004911707473506,0.020147707737697338,0.004862821180620744
26203,26231,0.0,0.0,-0.06715902579232447,-0.27908878688109523,0.020147707737697338,0.0036015821833014715
26259,26233,0.0,0.0,-0.06404979827357274,0.12284780732009228,0.01921493948207182,0.004055605724874652
26233,26259,0.0,0.0,-0.06404979827357274,0.26021474211066636,0.01921493948207182,0.003441147378507577
26259,16197,0.0,0.0,-0.06206718091946715,0.25100195745507975,0.018620154275840142,0.003930067245312194
16197,26259,0.0,0.0,-0.06206718091946715,0.1380126409409785,0.018620154275840142,0.003673389256463291
26310,16186,0.0,0.0,0.06171407862106817,0.018788999432078356,0.01851422358632045,0.0028696572005304094
16186,26310,0.0,0.0,0.06171407862106817,-0.32830333294770503,0.01851422358632045,0.004038838674000951
26233,26228,0.0,0.0,0.061347002246193674,0.020519999816917853,0.0184041006738581,0.0032959366250789645
26228,26233,0.0,0.0,0.061347002246193674,-0.4606100766699373,0.0184041006738581,0.004195977169131731
26214,7579,0.0,0.0,0.05986337067182082,-0.0173201557424929,0.017959011201546245,0.004281530854151831
7579,26214,0.0,0.0,0.05986337067182082,0.1644070550578056,0.017959011201546245,0.004501902724193934
26310,7586,0.0,0.0,0.05060461749439529,0.269477753039369,0.015181385248318587,0.0023530758008157896
7586,26310,0.0,0.0,0.05060461749439529,-0.23700436557299143,0.015181385248318587,0.0032836172186119323
26304,15150,0.0,0.0,-0.04998161117106663,0.02067778860756092,0.014994483351319988,0.003026858948202062
15150,26304,0.0,0.0,-0.04998161117106663,0.2679920675528765,0.014994483351319988,0.0025165197226654067
26249,26183,0.0,0.0,-0.04393756433073637,-0.009639717692788272,0.01318126929922091,0.003073260003728827
26183,26249,0.0,0.0,-0.04393756433073637,-0.25902833395664787,0.01318126929922091,0.0020922425197699604
26256,26249,0.0,0.0,0.03702109596887386,0.2250264440294808,0.011106328790662158,0.001600403305934457
26249,26256,0.0,0.0,0.03702109596887386,-0.12108416612733516,0.011106328790662158,0.0025894802151277953
7585,26231,0.0,0.0,-0.03692475989776116,-0.3291987992389869,0.011077427969328348,0.001657504298031656
26231,7585,0.0,0.0,-0.03692475989776116,0.11136421941580002,0.011077427969328348,0.002673631762846238
16192,7587,0.0,0.0,0.03542751372126889,0.31994590823899555,0.010628254116380667,0.002648201959177036
7587,16192,0.0,0.0,0.03542751372126889,-0.21243502140811157,0.010628254116380667,0.00249632018512346
16259,7585,0.0,0.0,-0.03431904181691733,-0.4451420151666094,0.010295712545075197,0.0036848272193769497
7585,16259,0.0,0.0,-0.03431904181691733,0.21617438915862186,0.010295712545075197,0.0015405370129249671
7587,16259,0.0,0.0,0.03152221410138008,0.05375217624954696,0.009456664230414023,0.0022211420186062122
16259,7587,0.0,0.0,0.03152221410138008,-0.06819312351931493,0.009456664230414023,0.00338453250400878
16228,7586,0.0,0.0,-0.030063125510534736,0.04496532273768712,0.009018937653160421,0.0011993649675643677
7586,16228,0.0,0.0,-0.030063125510534736,0.3514574145789968,0.009018937653160421,0.0019507270573207427
26293,26259,0.0,0.0,0.027656992969449918,0.02135757974884673,0.008297097890834975,0.0013848484266118434
26259,26293,0.0,0.0,0.027656992969449918,0.14644253404070484,0.008297097890834975,0.001751228919420333
26214,7516Д,0.0,0.0,0.02624305857303389,-0.18352459303049243,0.007872917571910167,0.0018769485200513308
7516Д,26214,0.0,0.0,0.02624305857303389,-0.12418871989282698,0.007872917571910167,0.0015946889748083902
16197,7586,0.0,0.0,0.026154046280781842,0.03192219344497797,0.007846213884234553,0.0015479032750903379
7586,16197,0.0,0.0,0.026154046280781842,0.41697589176897143,0.007846213884234553,0.0016970758985276441
26257,26214,0.0,0.0,-0.023244389660968492,-0.12050160101223262,0.006973316898290547,0.0011440880150566741
26214,26257,0.0,0.0,-0.023244389660968492,-0.07945574380662226,0.006973316898290547,0.0016624785808496364
26249,7620,0.0,0.0,-0.023091451108880313,0.034483204405484975,0.006927435332664094,0.0016151562837391402
7620,26249,0.0,0.0,-0.023091451108880313,-0.45558752730810254,0.006927435332664094,0.0010128848034858127
26249,15150,0.0,0.0,-0.02031503270019112,0.2522742052583795,0.006094509810057336,0.0014209567239999593
15150,26249,0.0,0.0,-0.02031503270019112,0.34214781418022605,0.006094509810057336,0.0010228397856493635
26228,26203,0.0,0.0,0.01860292516081546,-0.1816023939177222,0.005580877548244638,0.0012723922342707634
26203,26228,0.0,0.0,0.01860292516081546,-0.23248710254616028,0.005580877548244638,0.0009976315621919127
26214,26183,0.0,0.0,-0.016231542830163294,0.3441721097971769,0.004869462849048988,0.001160907758081596
26183,26214,0.0,0.0,-0.016231542830163294,-0.40028812434224037,0.004869462849048988,0.0007729223180215763
16241,26249,0.0,0.0,0.014626793320492817,-0.015642731177583157,0.004388037996147845,0.0008742494029293829
26249,16241,0.0,0.0,0.014626793320492817,0.6948112378558934,0.004388037996147845,0.0010230867272547598
16210,7587,0.0,0.0,-0.01418576063844556,-0.20403783892802044,0.004255728191533668,0.0007994026233578181
7587,16210,0.0,0.0,-0.01418576063844556,0.22245703494388336,0.004255728191533668,0.0009995677625500943
7579,15150,0.0,0.0,-0.011418022577910138,-0.2314826670511188,0.003425406773373041,0.0008586691055236234
15150,7579,0.0,0.0,-0.011418022577910138,-0.24355813435106277,0.003425406773373041,0.0005748850094649036
26228,16197,0.0,0.0,0.005070158920403939,-0.08671513943766182,0.0015210476761211816,0.00034678582970538703
16197,26228,0.0,0.0,0.005070158920403939,-0.23597675757777575,0.0015210476761211816,0.0003000727120334184
26257,26249,0.0,0.0,0.003478562997458546,-0.3325769031506579,0.0010435688992375637,0.00017121474442044447
26249,26257,0.0,0.0,0.003478562997458546,0.007936752762979622,0.0010435688992375637,0.000243311815149068
26249,26293,0.0,0.0,0.0007471584582964041,-0.09204828435857221,0.00022414753748892122,5.226079873352753e-05
26293,26249,0.0,0.0,0.0007471584582964041,-0.6962909062543354,0.00022414753748892122,3.7411920252662435e-05
7579,26231,0.0,0.0,0.0005479828316066728,0.001155336166969885,0.00016439484948200183,4.120993146119065e-05
26231,7579,0.0,0.0,0.0005479828316066728,0.05007863974801527,0.00016439484948200183,3.9678099685269854e-05
